1948,1,4,3.79,6.83,0,0,0,0,0,0,0,0
1948,2,2.2,7,6.64,-0.7,0,0,0,0,0,0,0
1948,3,8,12.44,4.69,-0.9,0,0,0,0,0,0,0
1948,4,22,24.75,4.21,-0.7,0,0,0,0,0,0,0
1948,5,36,39.26,2.86,-1.1,0,0,0,0,0,2.5,2.5
1948,6,48.8,50.32,1.47,-1,0,0,0,0,0,0,0
1948,7,50.5,53.77,1.57,-2.1,0,0.3675,0,0,0,0,0.3675
1948,8,46.3,50.02,2.01,-1.9,0,0,1.1125,2.1375,0,15.805,19.055
1948,9,37,40.84,2.88,-1.3,10.145,8.58,6.375,12.1475,0.1225,11.8075,49.1775
1948,10,24.5,25.22,4.17,-0.2,3.1375,1.9125,0,9.66,0,5.8725,20.5825
1948,11,4.9,11.77,5.08,-1.4,0,0,0,0,0,3.295,3.295
1948,12,-3.9,6.98,5.18,-2.1,0,0,0,0,0,0,0
1949,1,2.8,3.79,6.83,-0.1,0,0,0,0,0,0,0
1949,2,-1.8,7,6.64,-1.3,0,0,0,0,0,0,0
1949,3,18.7,12.44,4.69,1.3,0,0,0,0,0,0,0
1949,4,17,24.75,4.21,-1.8,0,0,0,0,0,0,0
1949,5,33.8,39.26,2.86,-1.9,0,0,0,0,0,0,0
1949,6,44,50.32,1.47,-4.3,0,0,0,0,0,0,0
1949,7,51.5,53.77,1.57,-1.5,0,0,0,0,0,0,0
1949,8,49.6,50.02,2.01,-0.2,0,1.2675,1.9275,0.6625,1.725,20.89,26.4725
1949,9,43.6,40.84,2.88,1,4.1825,9.7525,1.31,20.0925,0,8.465,43.8025
1949,10,28.1,25.22,4.17,0.7,0,0,0,9.06,0,6.5525,15.6125
1949,11,19.2,11.77,5.08,1.5,1.24,0,0,1.9775,0,0.245,3.4625
1949,12,0.1,6.98,5.18,-1.3,0,0,0,0,0,0,0
1950,1,6.6,3.79,6.83,0.4,0,0,0,0,0,0,0
1950,2,-7.3,7,6.64,-2.2,0,0,0,0,0,0,0
1950,3,16.3,12.44,4.69,0.8,0,0,0,0,0,0,0
1950,4,23.5,24.75,4.21,-0.3,0,0,0,0,0,0,0
1950,5,37,39.26,2.86,-0.8,0,0,0,0,0,0,0
1950,6,48.2,50.32,1.47,-1.4,0,0,0,0,0,0,0
1950,7,53.6,53.77,1.57,-0.1,0,0,0,0,0,0,0
1950,8,52,50.02,2.01,1,3.685,8.3875,13.3875,13.73,0.2825,23.6925,63.165
1950,9,41.7,40.84,2.88,0.3,6.535,10.1275,8.8025,34.7,0,33.685,93.85
1950,10,26.9,25.22,4.17,0.4,4.1375,13.82,0,21.195,0.1225,12.98,52.255
1950,11,9.5,11.77,5.08,-0.4,0,0,0,2.0125,0,0,2.0125
1950,12,5,6.98,5.18,-0.4,0,0,0,0,0,0,0
1951,1,-7.1,3.79,6.83,-1.6,0,0,0,3.275,0,2.1575,5.4325
1951,2,2.2,7,6.64,-0.7,0,0,0,0,0,0,0
1951,3,1.8,12.44,4.69,-2.3,0,0,0,0,0,0,0
1951,4,26.6,24.75,4.21,0.4,0,0,0,0,0,0,0
1951,5,39.7,39.26,2.86,0.2,0,0,0,1.3,0,14.8475,16.1475
1951,6,48.8,50.32,1.47,-1,0,0,0,0,0,0,0
1951,7,53.2,53.77,1.57,-0.4,0,0,0,0,0,0,0
1951,8,50.6,50.02,2.01,0.3,13.1575,6.08,2.045,2.9125,0.1225,0,24.3175
1951,9,41.3,40.84,2.88,0.2,4.3725,1.7675,15.9075,24.115,0,11.595,57.7575
1951,10,24,25.22,4.17,-0.3,2.9975,1.2725,0,0,0,13.0925,17.3625
1951,11,17.7,11.77,5.08,1.2,0,0,0,0,0,0,0
1951,12,3.2,6.98,5.18,-0.7,0,0,0,5.3075,0,0,5.3075
1952,1,-4.1,3.79,6.83,-1.2,0,0,0,0,0,0,0
1952,2,3.5,7,6.64,-0.5,0,0,0,0,0,1.0225,1.0225
1952,3,9.9,12.44,4.69,-0.5,0,0,0,0,0,0,0
1952,4,19.8,24.75,4.21,-1.2,0,0,0,0,0,0,0
1952,5,32.3,39.26,2.86,-2.4,0,0,0,0,0,0,0
1952,6,47.6,50.32,1.47,-1.8,0,0,0,0,0,0,0
1952,7,51.9,53.77,1.57,-1.2,0,0,0,0,0,0,0
1952,8,48.8,50.02,2.01,-0.6,0,0,1.7225,1.51,0.3625,6.6625,10.2575
1952,9,38.7,40.84,2.88,-0.7,0,0,5.8975,7.085,0.3625,19.005,32.35
1952,10,29.3,25.22,4.17,1,12.025,0,5.5275,0,0,4.065,21.6175
1952,11,21.5,11.77,5.08,1.9,0,0,0,3.53,0,0,3.53
1952,12,5.9,6.98,5.18,-0.2,0,0,0,0,0,0,0
1953,1,-5,3.79,6.83,-1.3,0,0,0,0,0,0,0
1953,2,5.8,7,6.64,-0.2,0,0,0,0,0,0,0
1953,3,7.2,12.44,4.69,-1.1,0,0,0,0,0,0,0
1953,4,27.2,24.75,4.21,0.6,0,0,0,0,0,0,0
1953,5,40.1,39.26,2.86,0.3,1.6625,0.16,0,0,0,0,1.8225
1953,6,51.6,50.32,1.47,0.9,0,5.51,0,0,0,0,5.51
1953,7,54,53.77,1.57,0.1,0,0,0,0,0,1.775,1.775
1953,8,49.4,50.02,2.01,-0.3,0,0,0.5325,0.36,0,7.635,8.5275
1953,9,40.6,40.84,2.88,-0.1,1.3675,8.1075,15.935,9.32,0,23.9175,58.6475
1953,10,24.3,25.22,4.17,-0.2,0.3675,2.3975,6.1425,7.97,0,1.775,18.6525
1953,11,11.9,11.77,5.08,0,0,0,0,1.9025,0,0,1.9025
1953,12,5.6,6.98,5.18,-0.3,0,0,0.2825,1.3875,0,0,1.67
1954,1,-3.3,3.79,6.83,-1,2.605,0,3.385,0,0,0,0
1954,2,-6.2,7,6.64,-2,0,0,0,0,0,0,0
1954,3,13.2,12.44,4.69,0.2,0,0,0,0,0,0,0
1954,4,21.3,24.75,4.21,-0.8,0,0,0,0,0,0,0
1954,5,39.5,39.26,2.86,0.1,0,0,0,0,0,1.1675,1.1675
1954,6,48.7,50.32,1.47,-1.1,0,3.2575,0,0,0.2825,3.8525,7.3925
1954,7,50.9,53.77,1.57,-1.8,0,1.4425,0,0,0,2.5475,3.99
1954,8,50.1,50.02,2.01,0,0,0,0,0,0,13.7,13.7
1954,9,40.6,40.84,2.88,-0.1,3.575,2.635,0,2.16,0,21.435,29.805
1954,10,29.5,25.22,4.17,1,23.53,0,0.7125,12.5325,0,9.155,45.93
1954,11,17.7,11.77,5.08,1.2,0,0,0,0.735,0,0,0.735
1954,12,-7.3,6.98,5.18,-2.8,0,0,0,1.68,0,0,1.68
1955,1,8.4,3.79,6.83,0.7,0,0,0,0.49,0,0,6.48
1955,2,-2.3,7,6.64,-1.4,0,0,0,0,0,0,0
1955,3,10.7,12.44,4.69,-0.4,0,0,0,0,0,0,0
1955,4,17.6,24.75,4.21,-1.7,0,0,0,0,0,0,0
1955,5,35.8,39.26,2.86,-1.2,0,0,0,0,0,0,0
1955,6,45.2,50.32,1.47,-3.5,0,0,0,0,0,0,0
1955,7,52.6,53.77,1.57,-0.7,0,0.41,0,0,0,0,0.41
1955,8,47.4,50.02,2.01,-1.3,0,2.7575,8.8125,17.3625,1.3325,32.205,62.47
1955,9,39.7,40.84,2.88,-0.4,27.455,15.2775,6.89,15.9575,0.1225,19.61,85.3125
1955,10,22.4,25.22,4.17,-0.7,3.8975,0,0,4.6275,0,1.4525,9.9775
1955,11,2.2,11.77,5.08,-1.9,0,0,0,0,0,0,0
1955,12,-0.2,6.98,5.18,-1.4,0,0,0,0,0,0,0
1956,1,-6.3,3.79,6.83,-1.5,0,0,0,0,0,0,0
1956,2,-2.8,7,6.64,-1.5,0,0,0,0,0,0,0
1956,3,7.8,12.44,4.69,-1,0,0,0,0,0,0,0
1956,4,22.5,24.75,4.21,-0.5,0,0,0,0,0,0,0
1956,5,37.9,39.26,2.86,-0.5,0,0,0,0,0,0,0
1956,6,47.4,50.32,1.47,-2,0,1.1075,0,0,0,1.215,2.3225
1956,7,52.8,53.77,1.57,-0.6,0,1.84,0,0,0,0,1.84
1956,8,49,50.02,2.01,-0.5,3.6175,0,6.4275,1.085,0,17.285,28.415
1956,9,39.2,40.84,2.88,-0.6,0,6.985,0,0,0,2.38,9.365
1956,10,19.2,25.22,4.17,-1.4,0.325,0,0.7625,0,0,2.855,3.9425
1956,11,2.9,11.77,5.08,-1.7,0,0,0,4.78,0,6.0075,10.7875
1956,12,-7.7,6.98,5.18,-2.8,0,0,0,0,0,0,0
1957,1,9.9,3.79,6.83,0.9,0,0,0,0,0,0,0
1957,2,3,7,6.64,-0.6,0,0,0,0,0,0,0
1957,3,14.9,12.44,4.69,0.5,0,0,0,0,0,0,0
1957,4,27.4,24.75,4.21,0.6,0,0,0,0,0,0,0
1957,5,39.3,39.26,2.86,0,0,0,0,0,0,0,0
1957,6,52.9,50.32,1.47,1.8,0,8.04,0,0,0.7075,0.75,9.4975
1957,7,52.7,53.77,1.57,-0.7,0,0,0,0,0,0,0
1957,8,52.5,50.02,2.01,1.2,0,2.095,0,0,0,0,2.095
1957,9,40.8,40.84,2.88,0,0,3.0675,22.0375,35.41,0,3.1625,63.6775
1957,10,29.7,25.22,4.17,1.1,0,0,0,2.19,0,1.2025,3.3925
1957,11,19.4,11.77,5.08,1.5,0,0,0,0,0,0,0
1957,12,-3.6,6.98,5.18,-2,0,0,0,0,0,0,0
1958,1,4,3.79,6.83,0,0,0,0,0,0,0,0
1958,2,7.4,7,6.64,0.1,0,0,0,0,0,0,0
1958,3,17,12.44,4.69,1,0,0,0,0,0,0,0
1958,4,27.2,24.75,4.21,0.6,0,0,0,0,0,0,0
1958,5,37.2,39.26,2.86,-0.7,0,0,0,0,0,1.225,1.225
1958,6,51.2,50.32,1.47,0.6,0,1.2175,0,0,0,0,1.2175
1958,7,53.4,53.77,1.57,-0.2,0,0,0,0,0,0,0
1958,8,50,50.02,2.01,0,1.445,0,16.795,12.8975,0,17.0075,48.145
1958,9,40,40.84,2.88,-0.3,5.4975,3.97,8.5625,8.0775,0,19.8375,45.945
1958,10,20.5,25.22,4.17,-1.1,0.73,0,0,3.2,0,9.23,13.16
1958,11,10.9,11.77,5.08,-0.2,0,0,0,0,0,0,0
1958,12,5.3,6.98,5.18,-0.3,0,0,0,0,0,0,0
1959,1,-2.6,3.79,6.83,-0.9,0,0,0,0,0,0,0
1959,2,13.5,7,6.64,1,0,0,0,0,0,0,0
1959,3,-1.3,12.44,4.69,-2.9,0,0,0,0,0,0,0
1959,4,20.1,24.75,4.21,-1.1,0,0,0,0,0,0,0
1959,5,38.5,39.26,2.86,-0.3,0,2.1075,0,0,0,0,2.1075
1959,6,50.7,50.32,1.47,0.3,0,3.305,0,0,0,1.65,4.955
1959,7,48.9,53.77,1.57,-3.1,0,2.9825,0,0,0,4.1825,7.165
1959,8,49.5,50.02,2.01,-0.3,0.5325,0,0.2825,3.38,0,1.845,6.04
1959,9,40,40.84,2.88,-0.3,0,0,0,9.89,0.325,18.0175,28.2325
1959,10,24.8,25.22,4.17,-0.1,0.565,1.755,0,14.5175,0,11.77,28.6075
1959,11,14.4,11.77,5.08,0.5,0,0,0,0,0,0,0
1959,12,-1.2,6.98,5.18,-1.6,0,0,0,0,0,0,0
1960,1,4.7,3.79,6.83,0.1,0,0,0,0,0,0,0
1960,2,11.7,7,6.64,0.7,0,0,0,0,0,0,0
1960,3,8.7,12.44,4.69,-0.8,0,0,0,0,0,0,0
1960,4,17.7,24.75,4.21,-1.7,0,0,0,0,0,0,0
1960,5,41.1,39.26,2.86,0.6,0,0,0,0,0,0,0
1960,6,47.3,50.32,1.47,-2,0,1.06,0,0,0,0,1.06
1960,7,52.8,53.77,1.57,-0.6,6.435,0.49,0.7725,0,0,1.875,9.5725
1960,8,48.8,50.02,2.01,-0.6,0,0,0.245,0.325,0,4.5025,5.0725
1960,9,38.3,40.84,2.88,-0.9,1.21,10.7725,16.59,0.6875,0,27.935,57.195
1960,10,25.8,25.22,4.17,0.1,0,0,0,0,0,0,0
1960,11,9,11.77,5.08,-0.5,0,0,0,0,0,0,0
1960,12,14.9,6.98,5.18,1.5,0,0,0,0,0,0,0
1961,1,9.7,3.79,6.83,0.9,0,0,0,0,0,0,0
1961,2,-0.4,7,6.64,-1.1,0,0,0,0,0,0,0
1961,3,3.4,12.44,4.69,-1.9,0,0,0,0,0,0,0
1961,4,20.3,24.75,4.21,-1.1,0,0,0,0,0,0,0
1961,5,40,39.26,2.86,0.3,0,0,0,0,0,0,0
1961,6,48.3,50.32,1.47,-1.4,0,0,0,0,0,0,0
1961,7,51,53.77,1.57,-1.8,14.14,0,0.1225,0,0,0,14.2625
1961,8,48.6,50.02,2.01,-0.7,0,0,0,0,0,0,0
1961,9,41,40.84,2.88,0.1,3.7525,25.4425,14.9775,63.375,1.335,30.705,139.5875
1961,10,21.8,25.22,4.17,-0.8,23.305,0,0.2025,4.5225,0,14.775,42.805
1961,11,8.7,11.77,5.08,-0.6,0.505,4.3825,0,3.8525,0,0,8.74
1961,12,-7.9,6.98,5.18,-2.9,0,0,0,0,0,0,0
1962,1,3.3,3.79,6.83,-0.1,0,0,0,0,0,0,0
1962,2,13,7,6.64,0.9,0,0,0,0,0,0,0
1962,3,10.4,12.44,4.69,-0.4,0,0,0,0,0,0,0
1962,4,22.9,24.75,4.21,-0.4,0,0,0,0,0,0,0
1962,5,35,39.26,2.86,-1.5,0,0,0,0,0,0,0
1962,6,48.3,50.32,1.47,-1.4,0,0,0,0,0,0,0
1962,7,54.6,53.77,1.57,0.5,0,0,0,0,0,0,0
1962,8,51.2,50.02,2.01,0.6,0,0,0.1225,1.1025,0,5.23,6.455
1962,9,38.4,40.84,2.88,-0.8,0,0,1.9525,0.885,0,0,2.8375
1962,10,27.6,25.22,4.17,0.6,0,0,0,1.9475,0,24.3275,26.275
1962,11,12.6,11.77,5.08,0.2,0,0,0,0,0,0,0
1962,12,4.8,6.98,5.18,-0.4,0,0,0,0,0,0,0
1963,1,10.7,3.79,6.83,1,0,0,0,0,0,0,0
1963,2,8.5,7,6.64,0.2,0,0,0,0,0,0,0
1963,3,9.6,12.44,4.69,-0.6,0,0,0,0,0,0,0
1963,4,21.6,24.75,4.21,-0.7,0,0,0,0,0,0,0
1963,5,39.6,39.26,2.86,0.1,0,0,0,0,0,0,0
1963,6,46,50.32,1.47,-2.9,0,0,0,0,0,0,0
1963,7,51.9,53.77,1.57,-1.2,0,0,0,0,0,0,0
1963,8,49.2,50.02,2.01,-0.4,0,0,6.715,18.2,0,2.9825,27.8975
1963,9,42.6,40.84,2.88,0.6,4.4025,2.8225,6.1525,7.0475,0,0.5275,20.9525
1963,10,24.7,25.22,4.17,-0.1,34.3275,0,0.8525,5.84,0,28.0625,69.0825
1963,11,1.7,11.77,5.08,-2,0,0,0,0,0,0,0
1963,12,12.7,6.98,5.18,1.1,0,0,0,0,0,0,0
1964,1,-0.1,3.79,6.83,-0.6,0,0,0,0,0,0,0
1964,2,2.6,7,6.64,-0.7,0,0,0,0,0,0,0
1964,3,3.2,12.44,4.69,-2,0,0,0,0,0,0,0
1964,4,19.1,24.75,4.21,-1.3,0,0,0,0,0,0,0
1964,5,31.7,39.26,2.86,-2.6,0,0,0,0,0,0,0
1964,6,49.5,50.32,1.47,-0.6,0,0,0,1.6875,0,1.385,3.0725
1964,7,52.2,53.77,1.57,-1,0,0,0,0.2025,0,0,0.2025
1964,8,49.3,50.02,2.01,-0.4,21.005,0.765,3.9675,3.075,0,5.505,34.3175
1964,9,41.5,40.84,2.88,0.2,0.1225,4.59,8.5375,36.5775,0.7275,54.0125,104.5675
1964,10,27.7,25.22,4.17,0.6,1.41,21.155,0,0,0,4.185,26.75
1964,11,11.3,11.77,5.08,-0.1,0.8575,0,0,0,0,0,0.8575
1964,12,-8.9,6.98,5.18,-3.1,0,0,0,0,0,0,0
1965,1,-1.8,3.79,6.83,-0.8,0,0,0,0,0,0,0
1965,2,-4.4,7,6.64,-1.7,0,0,0,0,0,0,0
1965,3,23,12.44,4.69,2.3,0,0,0,0,0,0,0
1965,4,24.8,24.75,4.21,0,0,0,0,0,0,0,0
1965,5,33.1,39.26,2.86,-2.2,0,0,0,0,0,0,0
1965,6,46.3,50.32,1.47,-2.7,0,0,0,0,0,0,0
1965,7,51.1,53.77,1.57,-1.7,0,0,0,0,0,0,0
1965,8,47.8,50.02,2.01,-1.1,0,0,0.1225,6.6875,0,3.0925,9.9025
1965,9,43.4,40.84,2.88,0.9,0,11.7125,2.58,19.15,0.425,31.8725,65.74
1965,10,18.7,25.22,4.17,-1.6,0,0,0,7.3925,0,0,7.3925
1965,11,14.6,11.77,5.08,0.6,0,0,0,0,0,0,0
1965,12,-0.2,6.98,5.18,-1.4,0,0,0,0,0,0,0
1966,1,-2.2,3.79,6.83,-0.9,0,0,0,0,0,0,0
1966,2,4.6,7,6.64,-0.4,0,0,0,0,0,0,0
1966,3,1.3,12.44,4.69,-2.4,0,0,0,0,0,0,0
1966,4,20.8,24.75,4.21,-0.9,0,0,0,0,0,0,0
1966,5,33.9,39.26,2.86,-1.9,0,0,0,0,0,0,0
1966,6,49.7,50.32,1.47,-0.4,4.82,5.855,0,0,0,3.72,14.395
1966,7,51.8,53.77,1.57,-1.3,0,0,1.7,14.7575,0,2.56,19.0175
1966,8,48.5,50.02,2.01,-0.8,0,0,10.965,0,0,16.4175,27.3825
1966,9,41.9,40.84,2.88,0.4,15.4375,0.73,6.9875,8.9575,3.6625,6.3475,42.1225
1966,10,23.1,25.22,4.17,-0.5,2.535,26.305,0,0,0,4.6125,33.4525
1966,11,12.3,11.77,5.08,0.1,0,0,0,8.8475,0,0,8.8475
1966,12,-0.5,6.98,5.18,-1.4,0,0,0,0,0,0,0
1967,1,1,3.79,6.83,-0.4,0,0,0,0,0,0,0
1967,2,4.3,7,6.64,-0.4,0,0,0,0,0,0,0
1967,3,15.1,12.44,4.69,0.6,0,0,0,0,0,0,0
1967,4,26.3,24.75,4.21,0.4,0,0,0,0,0,0,0
1967,5,37.9,39.26,2.86,-0.5,0,0,0,0,0,0,0
1967,6,50.3,50.32,1.47,0,0,0,0,0,0,0,0
1967,7,52,53.77,1.57,-1.1,0,0,0,0,0,0,0
1967,8,50.5,50.02,2.01,0.2,0,0,0,0.89,0,0,0.89
1967,9,41.4,40.84,2.88,0.2,28.9975,18.5625,1.14,36.9675,0.3675,11.545,97.58
1967,10,24.5,25.22,4.17,-0.2,0,3.53,0.805,17.465,0,1.435,23.235
1967,11,15.4,11.77,5.08,0.7,0,0,0,0,0,0,0
1967,12,6.1,6.98,5.18,-0.2,0,0,0,0,0,0,0
1968,1,2.4,3.79,6.83,-0.2,0,0,0,0,0,0,0
1968,2,2.5,7,6.64,-0.7,0,0,0,0,0,0,0
1968,3,14.6,12.44,4.69,0.5,0,0,0,0,0,0,0
1968,4,21.3,24.75,4.21,-0.8,0,0,0,0,0,0,0
1968,5,37.5,39.26,2.86,-0.6,0,0,0,0,0,0,0
1968,6,48.5,50.32,1.47,-1.2,0.16,3.3575,0,3.2225,0,6.405,13.145
1968,7,55,53.77,1.57,0.8,0,0,0,0,0,0,0
1968,8,51.8,50.02,2.01,0.9,0,0,0,5.1575,0,0.875,6.0325
1968,9,38.4,40.84,2.88,-0.8,0,0,3.665,10.1125,0,1.8425,15.62
1968,10,23.4,25.22,4.17,-0.4,1.4275,4.9175,0,0,0,3.93,10.275
1968,11,12.1,11.77,5.08,0.1,0,0,0,0,0,0,0
1968,12,-2.9,6.98,5.18,-1.9,0,0,0,0,0,0,0
1969,1,-4.9,3.79,6.83,-1.3,0,0,0,0,0,0,0
1969,2,3.2,7,6.64,-0.6,0,0,0,0,0,0,0
1969,3,13.6,12.44,4.69,0.2,0,0,0,0,0,0,0
1969,4,27.4,24.75,4.21,0.6,0,0,0,0,0,0,0
1969,5,40.5,39.26,2.86,0.4,0,0,0,0,0,0,0
1969,6,51.6,50.32,1.47,0.9,0,0,0,0,0,0,0
1969,7,51.1,53.77,1.57,-1.7,0,0,4.03,0,0,0,4.03
1969,8,44.8,50.02,2.01,-2.6,4.805,17.27,6.9425,19.67,1.9625,7.63,58.28
1969,9,42.5,40.84,2.88,0.6,8.3925,1.2025,7.6,9.9,0,9.865,36.96
1969,10,31.5,25.22,4.17,1.5,0,9.1625,0,32.255,0,11.1875,52.605
1969,11,8.6,11.77,5.08,-0.6,5.4925,0,0,8.37,0,0,13.8625
1969,12,14.5,6.98,5.18,1.5,0,0,0,0,0,0,0
1970,1,-6.2,3.79,6.83,-1.5,0,0,0,0,0,0,0
1970,2,12.6,7,6.64,0.8,0,0,0,0,0,0,0
1970,3,16.9,12.44,4.69,1,0,0,0,0,0,0,0
1970,4,22,24.75,4.21,-0.7,0,0,0,0,0,0,0
1970,5,38.6,39.26,2.86,-0.2,2.195,0,0,0,0,0,2.195
1970,6,47.6,50.32,1.47,-1.8,0,0,0,0,0,0,0
1970,7,51,53.77,1.57,-1.8,0,1.8825,0,0,0,0,1.8825
1970,8,48,50.02,2.01,-1,1.4,7.53,2.06,0.36,0.675,0.7125,12.7375
1970,9,36.5,40.84,2.88,-1.5,0,7.3475,0,0,0.32,0.8525,8.52
1970,10,18.9,25.22,4.17,-1.5,0,0,0,11.8,0,3.045,14.845
1970,11,16.1,11.77,5.08,0.9,0,0,0,0,0,0,0
1970,12,0.9,6.98,5.18,-1.2,0,0,0,0,0,0,0
1971,1,-11.8,3.79,6.83,-2.3,0,0,0,0,0,0,0
1971,2,-1,7,6.64,-1.2,0,0,0,0,0,0,0
1971,3,1,12.44,4.69,-2.4,0,0,0,0,0,0,0
1971,4,18.3,24.75,4.21,-1.5,0,0,0,0,0,0,0
1971,5,34,39.26,2.86,-1.8,0,0,0,0,0,0,0
1971,6,49.4,50.32,1.47,-0.6,0,0,0,0,0,0,0
1971,7,52,53.77,1.57,-1.1,0,0,0,0.655,0,1.16,1.815
1971,8,48.8,50.02,2.01,-0.6,1.2875,0,0,3.5125,1.47,4.4825,10.7525
1971,9,39.6,40.84,2.88,-0.4,14.345,11.5425,1.9525,25.5025,0.3675,20.21,73.92
1971,10,23.9,25.22,4.17,-0.3,0,0,0,0.81,0,0.865,1.675
1971,11,9.1,11.77,5.08,-0.5,8.61,0,0,0,0,0,8.61
1971,12,4,6.98,5.18,-0.6,0,0,0,0,0,0,0
1972,1,-4.5,3.79,6.83,-1.2,0,0,0,0,0,0,0
1972,2,-2,7,6.64,-1.4,0,0,0,0,0,0,0
1972,3,-1.1,12.44,4.69,-2.9,0,0,0,0,0,0,0
1972,4,14.9,24.75,4.21,-2.3,0,0,0,0,0,0,0
1972,5,36.5,39.26,2.86,-1,0,0,0,0,0,2.12,2.12
1972,6,47.4,50.32,1.47,-2,1.1125,4.18,0,0,0,1.4775,6.77
1972,7,54.9,53.77,1.57,0.7,0,0,0,0,0,0,0
1972,8,51.7,50.02,2.01,0.8,0,0,0,13.1175,0,0.735,13.8525
1972,9,38.7,40.84,2.88,-0.7,0,0,0,1.82,0,9.2725,11.0925
1972,10,27.3,25.22,4.17,0.5,0,0,0,0,0,0,0
1972,11,13.5,11.77,5.08,0.3,0,0,0,1.77,0,0,1.77
1972,12,5.4,6.98,5.18,-0.3,0,0,0,0,0,0,0
1973,1,-6.3,3.79,6.83,-1.5,0,0,0,0,0,0,0
1973,2,5.8,7,6.64,-0.2,0,0,0,0,0,0,0
1973,3,8.7,12.44,4.69,-0.8,0,0,0,0,0,0,0
1973,4,24.1,24.75,4.21,-0.2,0,0,0,0,0,0,0
1973,5,37.5,39.26,2.86,-0.6,0,0,0,0,0,0,0
1973,6,47.9,50.32,1.47,-1.6,0,0,0,0,0,0,0
1973,7,51,53.77,1.57,-1.8,0,0,0,2.66,0.2025,4.4025,7.265
1973,8,47.6,50.02,2.01,-1.2,0.3725,3.535,2.6375,0,0,0.1225,6.6675
1973,9,40.9,40.84,2.88,0,0,3.97,4.14,11.8125,0,0,19.9225
1973,10,23.8,25.22,4.17,-0.3,1.4725,0,0,6.61,0,5.9125,13.995
1973,11,7.6,11.77,5.08,-0.8,0,0,0,0,0,0,0
1973,12,6.6,6.98,5.18,-0.1,0,0,0,0,0,0,0
1974,1,-2.4,3.79,6.83,-0.9,0,0,0,0,0,0,0
1974,2,-8,7,6.64,-2.3,0,0,0,0,0,0,0
1974,3,8.7,12.44,4.69,-0.8,0,0,0,0,0,0,0
1974,4,23.8,24.75,4.21,-0.2,0,0,0,0,0,0,0
1974,5,39.1,39.26,2.86,-0.1,0,0,0,0,0,0,0
1974,6,47.6,50.32,1.47,-1.8,0,0.3625,0,0,0,0.605,0.9675
1974,7,52.1,53.77,1.57,-1.1,0,0,0,1.4925,0,0.245,1.7375
1974,8,51.5,50.02,2.01,0.7,2.21,0,1.0375,9.7225,0,4.67,17.64
1974,9,44.3,40.84,2.88,1.2,18.3875,14.7925,3.3625,5.4675,0.3675,3.03,45.4075
1974,10,22.1,25.22,4.17,-0.7,0,0,1.05,0,0,1.5675,2.6175
1974,11,7.9,11.77,5.08,-0.8,0,0,0,0,0,0,0
1974,12,-2.6,6.98,5.18,-1.8,0,0,0,0,0,0,0
1975,1,-4.5,3.79,6.83,-1.2,0,0,0,0,0,0,0
1975,2,1,7,6.64,-0.9,0,0,0,0,0,0,0
1975,3,10.6,12.44,4.69,-0.4,0,0,0,0,0,0,0
1975,4,19.9,24.75,4.21,-1.2,0,0,0,0,0,0,0
1975,5,37.1,39.26,2.86,-0.8,0,0,0,0,0,0,0
1975,6,46.7,50.32,1.47,-2.5,0,0,0,0,0,2.0075,2.0075
1975,7,52.9,53.77,1.57,-0.6,0,0,0,2.0175,0,5.9025,7.92
1975,8,49.1,50.02,2.01,-0.5,0,5.4025,0,4.1325,0,0,9.535
1975,9,39.4,40.84,2.88,-0.5,2.62,5.835,7.9175,21.2625,0.3025,4.99,42.9275
1975,10,23.9,25.22,4.17,-0.3,0,0,0,2.655,0,8.55,11.205
1975,11,2.7,11.77,5.08,-1.8,0,0,0,0,0,0,0
1975,12,-2.4,6.98,5.18,-1.8,0,0,0,2.4675,0,0,2.4675
1976,1,1,3.79,6.83,-0.4,0,0,0,0,0,0,0
1976,2,-4.1,7,6.64,-1.7,0,0,0,0,0,0,0
1976,3,9.7,12.44,4.69,-0.6,0,0,0,0,0,0,0
1976,4,23.1,24.75,4.21,-0.4,0,0,0,0,0,0,0
1976,5,36.6,39.26,2.86,-0.9,0,0.565,0,0,0,1.45,2.015
1976,6,48.2,50.32,1.47,-1.4,0,0,0,0,0,0,0
1976,7,52.5,53.77,1.57,-0.8,0,0,0,1.0825,0,0,1.0825
1976,8,51.7,50.02,2.01,0.8,0,0.1225,3.665,31.18,0,11.4,46.3675
1976,9,41.7,40.84,2.88,0.3,0,0,0,24.4125,0,0.65,25.0625
1976,10,24.8,25.22,4.17,-0.1,0,0,0,9.645,0,0,9.645
1976,11,18.6,11.77,5.08,1.3,0,0,0,0,0,0,0
1976,12,5.9,6.98,5.18,-0.2,0,0,0,0,0,0,0
1977,1,17.4,3.79,6.83,2,0,0,0,0,0,0,0
1977,2,15.1,7,6.64,1.2,0,0,0,0,0,0,0
1977,3,5.6,12.44,4.69,-1.5,0,0,0,0,0,0,0
1977,4,18.3,24.75,4.21,-1.5,0,0,0,0,0,0,0
1977,5,36.6,39.26,2.86,-0.9,0,0,0,0,0,0,0
1977,6,49.6,50.32,1.47,-0.5,0,0,0,0,0,0,0
1977,7,54.3,53.77,1.57,0.3,0,0,0,0,0,0,0
1977,8,54.5,50.02,2.01,2.2,0,3.0875,0,0,0,0,3.0875
1977,9,42.4,40.84,2.88,0.5,0,11.835,0,5.7075,0.16,1.33,19.0325
1977,10,26.1,25.22,4.17,0.2,0.7725,0,0,2.1425,0,0.2825,3.1975
1977,11,4.2,11.77,5.08,-1.5,0,0,0,0,0,0,0
1977,12,-0.1,6.98,5.18,-1.4,0,0,0,0,0,0,0
1978,1,12.8,3.79,6.83,1.3,0,0,0,1.695,0,0,1.695
1978,2,10.2,7,6.64,0.5,0,0,0,0,0,0,0
1978,3,13.7,12.44,4.69,0.3,0,0,0,0,0,0,0
1978,4,26.5,24.75,4.21,0.4,0,0,0,0,0,0,0
1978,5,39.5,39.26,2.86,0.1,0,0,0,0,0,0,0
1978,6,46.9,50.32,1.47,-2.3,0,0,0,0,0,0,0
1978,7,53.4,53.77,1.57,-0.2,0,0.485,0,0,0,0,0.485
1978,8,52.1,50.02,2.01,1,0.325,1.5775,4.08,0.41,0,1.1525,7.545
1978,9,42.6,40.84,2.88,0.6,11.595,0,0.6125,20.6225,0.7025,12.8725,46.405
1978,10,24,25.22,4.17,-0.3,0,0,0.89,1.0875,0,4.9075,6.885
1978,11,17,11.77,5.08,1,0,0,0,0,0,0.2025,0.2025
1978,12,10.2,6.98,5.18,0.6,0,0,0,0,0,0,0
1979,1,10.3,3.79,6.83,1,0,0,0,0,0,0,0
1979,2,-7.6,7,6.64,-2.2,0,0,0,0,0,0,0
1979,3,14.2,12.44,4.69,0.4,0,0,0,0,0,0,0
1979,4,25.3,24.75,4.21,0.1,0,0,0,0,0,0,0
1979,5,40.9,39.26,2.86,0.6,0,0,0,0,0,0,0
1979,6,48.5,50.32,1.47,-1.2,0,0,0.815,0,0,0,0.815
1979,7,53.5,53.77,1.57,-0.2,0.1225,3.3175,0.2825,0,0,0,3.7225
1979,8,52.8,50.02,2.01,1.4,18.1225,0.6125,14.6725,0,0,0,33.4075
1979,9,42.4,40.84,2.88,0.5,6.7475,15.2475,3.865,17.3725,1.8725,8.2225,53.3275
1979,10,31.1,25.22,4.17,1.4,0,0,0,1.645,0,0,1.645
1979,11,22.5,11.77,5.08,2.1,0,0,0,0,0,0,0
1979,12,-2.7,6.98,5.18,-1.9,0,0,0,0,0,0,0
1980,1,-1.7,3.79,6.83,-0.8,0,0,0,0,0,0,0
1980,2,12.7,7,6.64,0.9,0,0,0,0,0,0,0
1980,3,15.8,12.44,4.69,0.7,0,0,0,0,0,0,0
1980,4,26.2,24.75,4.21,0.3,0,0,0,0,0,0,0
1980,5,39.6,39.26,2.86,0.1,0,0,0,0,0,0,0
1980,6,48.3,50.32,1.47,-1.4,0,0,0,0,0,0,0
1980,7,52.8,53.77,1.57,-0.6,0,0,0,0,0,0,0
1980,8,48,50.02,2.01,-1,25.785,20.7875,5.585,10.39,1.0525,2.4975,66.0975
1980,9,38.8,40.84,2.88,-0.7,1.7,3.0125,20.4825,25.8475,0.2825,0.3625,51.6875
1980,10,28.4,25.22,4.17,0.8,0,0,0,18.6375,0,0,18.6375
1980,11,16,11.77,5.08,0.8,0.6125,6.7425,0,5.16,0,0,12.515
1980,12,-7.5,6.98,5.18,-2.8,0,0,0,0,0,0,0
1981,1,20.1,3.79,6.83,2.4,0,0,0,0,0,0,0
1981,2,9.1,7,6.64,0.3,0,0,0,0,0,0,0
1981,3,21.9,12.44,4.69,2,0,0,0,0,0,0,0
1981,4,24.4,24.75,4.21,-0.1,0,0,0,0,0,0,0
1981,5,43,39.26,2.86,1.3,0.485,0,0,0,0,0.25,0.735
1981,6,48.8,50.32,1.47,-1,0,0,0,0,0,1.7075,1.7075
1981,7,50.9,53.77,1.57,-1.8,0,0,0,0,0,0.25,0.25
1981,8,48.7,50.02,2.01,-0.7,0.245,0.98,1.77,1.5225,0,3.38,7.8975
1981,9,38.8,40.84,2.88,-0.7,0.7025,0,6.3325,48.885,0,20.155,76.075
1981,10,26.7,25.22,4.17,0.4,0,0,0,2.8725,0,0,2.8725
1981,11,13.6,11.77,5.08,0.4,3.0925,0,0,0.6025,0,7.095,10.79
1981,12,4.5,6.98,5.18,-0.5,0,0,0,0,0,0,0
1982,1,-1.4,3.79,6.83,-0.8,0,0,0,0,0,0,0
1982,2,5.1,7,6.64,-0.3,0,0,0,0,0,0,0
1982,3,12.8,12.44,4.69,0.1,0,0,0,0,0,0,0
1982,4,19.3,24.75,4.21,-1.3,0,0,0,0,0,0,0
1982,5,35.2,39.26,2.86,-1.4,0,0,0,0,0,0,0
1982,6,48.9,50.32,1.47,-1,0,2.22,0,0.36,0,2.52,5.1
1982,7,52.7,53.77,1.57,-0.7,0,0,0,0,0,0,0
1982,8,49.6,50.02,2.01,-0.2,0,0,3.245,0,0,0,3.245
1982,9,41.5,40.84,2.88,0.2,0,1.2875,2.0675,9.195,0,8.96,21.51
1982,10,19.2,25.22,4.17,-1.4,0,0,0,0.4525,0,1.195,1.6475
1982,11,11.2,11.77,5.08,-0.1,0,0,0,0,0,0,0
1982,12,9.5,6.98,5.18,0.5,0,0,0,0,0,0,0
1983,1,-1,3.79,6.83,-0.7,0,0,0,0,0,0,0
1983,2,7.6,7,6.64,0.1,0,0,0,0,0,0,0
1983,3,13.2,12.44,4.69,0.2,0,0,0,0,0,0,0
1983,4,26.7,24.75,4.21,0.5,0,0,0,0,0,0,0
1983,5,39.2,39.26,2.86,0,0,0,0,0,0,0,0
1983,6,50.2,50.32,1.47,-0.1,0,0,0,0,0,0,0
1983,7,53.6,53.77,1.57,-0.1,0,0,0,0,0,0,0
1983,8,47.7,50.02,2.01,-1.2,0,8.38,0,0,0.1225,1.0225,9.525
1983,9,36.8,40.84,2.88,-1.4,0,0,0,4.2725,0,3.605,7.8775
1983,10,22,25.22,4.17,-0.8,0,0,0,0,0,0,0
1983,11,16.3,11.77,5.08,0.9,0,0,0,0,0,0,0
1983,12,10,6.98,5.18,0.6,0,0,0,0,0,0,0
1984,1,3.1,3.79,6.83,-0.1,0,0,0,0,0,0,0
1984,2,-7,7,6.64,-2.1,0,0,0,0,0,0,0
1984,3,17.9,12.44,4.69,1.2,0,0,0,0,0,0,0
1984,4,19.3,24.75,4.21,-1.3,0,0,0,0,0,0,0
1984,5,36.2,39.26,2.86,-1.1,0,0,0,0,0,0,0
1984,6,50.4,50.32,1.47,0.1,0,0,0,0,0,0,0
1984,7,52,53.77,1.57,-1.1,0,0,0,0,0,0,0
1984,8,48,50.02,2.01,-1,0,0,1.545,1.5925,0,0.1225,3.26
1984,9,42.1,40.84,2.88,0.4,0,1.395,1.675,9.455,0,18.1175,30.6425
1984,10,25.6,25.22,4.17,0.1,0,0,0,5.7,0,15.6,21.3
1984,11,8.6,11.77,5.08,-0.6,0.735,0,2.475,9.6475,0,0,12.8575
1984,12,6.8,6.98,5.18,0,0,0,0,16.1125,0,0.1225,16.235
1985,1,18.8,3.79,6.83,2.2,0,0,0,0,0,0,0
1985,2,-0.2,7,6.64,-1.1,0,0,0,0,0,0,0
1985,3,12.8,12.44,4.69,0.1,0,0,0,0,0,0,0
1985,4,12.6,24.75,4.21,-2.9,0,0,0,0,0,0,0
1985,5,35.9,39.26,2.86,-1.2,0,0,0,0,0,0,0
1985,6,46.8,50.32,1.47,-2.4,0,0,0,0,0,0,0
1985,7,53.4,53.77,1.57,-0.2,0,0.725,0,0.9125,0.2025,3.09,4.93
1985,8,49,50.02,2.01,-0.5,0.2025,10.895,0,5.83,0.16,1.3425,18.43
1985,9,39.7,40.84,2.88,-0.4,0,8.09,5.305,3.9575,0,16.3275,33.68
1985,10,20.7,25.22,4.17,-1.1,0.1225,7.805,0.16,0,0,3.5025,11.59
1985,11,8.7,11.77,5.08,-0.6,1.7125,8.9975,0,0.575,0.545,7.5225,19.3525
1985,12,17.3,6.98,5.18,2,0,0,0,0,0,0,0
1986,1,5.8,3.79,6.83,0.3,0,0,0,0,0,0,0
1986,2,10.7,7,6.64,0.6,0,0,0,0,0,0,0
1986,3,8.1,12.44,4.69,-0.9,0,0,0,0,0,0,0
1986,4,16.9,24.75,4.21,-1.9,0,0,0,0,0,0,0
1986,5,36.9,39.26,2.86,-0.8,0,0,0,0,0,0,0
1986,6,50,50.32,1.47,-0.2,0,2.935,0,0,0,2.185,5.12
1986,7,53.2,53.77,1.57,-0.4,0,0,0,0,0,0,0
1986,8,47.6,50.02,2.01,-1.2,0,0,0,0.64,0,4.9925,5.6325
1986,9,41.7,40.84,2.88,0.3,0.985,0,0.575,19.68,0,0,21.24
1986,10,25.9,25.22,4.17,0.2,0,0,0,0,0,0,0
1986,11,10.9,11.77,5.08,-0.2,0,0,0,3.8,0,0,3.8
1986,12,15.5,6.98,5.18,1.6,0,0,0,0,0,0,0
1987,1,8.6,3.79,6.83,0.7,0,0,0,0,0,0,0
1987,2,8.3,7,6.64,0.2,0,0,0,0,0,0,0
1987,3,13.3,12.44,4.69,0.2,0,0,0,0,0,0,0
1987,4,22.7,24.75,4.21,-0.5,0,0,0,0,0,0,0
1987,5,38.4,39.26,2.86,-0.3,0,0,0,0,0,0,0
1987,6,49,50.32,1.47,-0.9,0,0,0,0,0,0,0
1987,7,53.7,53.77,1.57,0,0,0,0,0,0,0,0
1987,8,51.1,50.02,2.01,0.5,0,0.6025,2.35,10.1575,0,1.755,14.865
1987,9,38.7,40.84,2.88,-0.7,5.3675,0,4.5075,4.6625,0,1.62,16.1575
1987,10,30.2,25.22,4.17,1.2,1.32,1.205,0,0,0,0.8125,3.3375
1987,11,12.2,11.77,5.08,0.1,0,0,0,0,0,0,0
1987,12,4.2,6.98,5.18,-0.5,0,0,0,0,0,0,0
1988,1,7.6,3.79,6.83,0.6,0,0,0,0,0,0,0
1988,2,8.9,7,6.64,0.3,0,0,0,0,0,0,0
1988,3,13.8,12.44,4.69,0.3,0,0,0,0,0,0,0
1988,4,24.8,24.75,4.21,0,0,0,0,0,0,0,0
1988,5,40.3,39.26,2.86,0.4,0,0,0,0,0,0,0
1988,6,50.2,50.32,1.47,-0.1,0,0,0,0,0,0,0
1988,7,54.5,53.77,1.57,0.5,0,0,0,0,0,0,0
1988,8,49.8,50.02,2.01,-0.1,0,1.05,0,0.1225,0,0.8525,2.025
1988,9,39.9,40.84,2.88,-0.3,23.4225,13.6375,20.91,13.76,0.245,0,71.975
1988,10,20.6,25.22,4.17,-1.1,20.75,0,2.745,0,0.505,0,24
1988,11,5.3,11.77,5.08,-1.3,1.205,2.5925,0,0,0,1.195,4.9925
1988,12,9.8,6.98,5.18,0.5,0,0,0,0,0,0,0
1989,1,-11.9,3.79,6.83,-2.3,0,0,0,0,0,0,0
1989,2,14.9,7,6.64,1.2,0,0,0,0,0,0,0
1989,3,10.8,12.44,4.69,-0.3,0,0,0,0,0,0,0
1989,4,28.4,24.75,4.21,0.9,0,0,0,0,0,0,0
1989,5,37.4,39.26,2.86,-0.7,0,0,0,0,0,0,0
1989,6,49.7,50.32,1.47,-0.4,0,0.9325,0,0,0,0,0.9325
1989,7,54.5,53.77,1.57,0.5,0,0.675,0.4425,1.3325,0,0,2.45
1989,8,52.7,50.02,2.01,1.3,0,1.6525,6.9275,24.1225,0.1225,2.1725,34.9975
1989,9,43.5,40.84,2.88,0.9,8.905,0,39.2675,28.7775,0.4625,12.6675,90.08
1989,10,26,25.22,4.17,0.2,0,4.0175,0,0,0,0,4.0175
1989,11,4.1,11.77,5.08,-1.5,0.825,0,0,0,0,0,0.825
1989,12,11.2,6.98,5.18,0.8,1.8225,0,0,0,0,0,1.8225
1990,1,-1.5,3.79,6.83,-0.8,0,0,0,0,0,0,0
1990,2,-11.4,7,6.64,-2.8,0,0,0,0,0,0,0
1990,3,15.8,12.44,4.69,0.7,0,0,0,0,0,0,0
1990,4,29.8,24.75,4.21,1.2,0,0,0,0,0,0,0
1990,5,42.7,39.26,2.86,1.2,0,0,0,0,0,0,0
1990,6,50.9,50.32,1.47,0.4,0,0,0,0,0,0,0
1990,7,55.3,53.77,1.57,1,1.9075,0,0.405,0,0,5.7375,8.05
1990,8,52.2,50.02,2.01,1.1,1.1125,3.025,10.87,17.6525,0.25,0,32.91
1990,9,40.1,40.84,2.88,-0.3,0,0,4.47,21.245,0,0,25.715
1990,10,24,25.22,4.17,-0.3,0,1.4475,5.23,15.115,0,8.335,30.1275
1990,11,4.7,11.77,5.08,-1.4,0,0,0,0,0,0,0
1990,12,2.2,6.98,5.18,-0.9,0,0,0,0,0,0,0
1991,1,4,3.79,6.83,0,0,0,0,0,0,0,0
1991,2,4.5,7,6.64,-0.4,0,0,0,0,0,0,0
1991,3,12,12.44,4.69,-0.1,0,0,0,0,0,0,0
1991,4,26.8,24.75,4.21,0.5,0,0,0,0,0,0,0
1991,5,40.7,39.26,2.86,0.5,0,0,0,0,0,0,0
1991,6,51.5,50.32,1.47,0.8,0,0,0,0,0,0,0
1991,7,52.3,53.77,1.57,-0.9,0,0,0,0.89,0,0.3625,1.2525
1991,8,48.6,50.02,2.01,-0.7,0,0,0,0,0,7.965,7.965
1991,9,43.4,40.84,2.88,0.9,0,0,2.0625,15.9825,0,0,18.045
1991,10,26.6,25.22,4.17,0.3,0.4425,0.16,0,0.7225,0,4.5825,5.9075
1991,11,9.9,11.77,5.08,-0.4,0,0,0,0.61,0,1.7575,2.3675
1991,12,3.3,6.98,5.18,-0.7,0,0,0,0,0,0,0
1992,1,6.5,3.79,6.83,0.4,0,0,0,0,0,0,0
1992,2,0.3,7,6.64,-1,0,0,0,0,0,0,0
1992,3,12.8,12.44,4.69,0.1,0,0,0,0,0,0,0
1992,4,22.6,24.75,4.21,-0.5,0,0,0,1.0925,0,0,1.0925
1992,5,33.9,39.26,2.86,-1.9,0,0,0,0,0,0,0
1992,6,50.6,50.32,1.47,0.2,0,0,0,0,0,0,0
1992,7,54.6,53.77,1.57,0.5,0,0,0,0,0,0,0
1992,8,49.6,50.02,2.01,-0.2,0,12.3075,1.9825,1.135,0,13.0225,28.4475
1992,9,31.6,40.84,2.88,-3.2,0,0,0,34.0525,0,3.915,37.9675
1992,10,20.9,25.22,4.17,-1,0,0,0,6.625,0,2.09,8.715
1992,11,13.8,11.77,5.08,0.4,0,0,0,0,0,0,0
1992,12,3.3,6.98,5.18,-0.7,0,0,0,0,0,0,0
1993,1,3.2,3.79,6.83,-0.1,0,0,0,0,0,0,0
1993,2,10.6,7,6.64,0.5,0,0,0,0,0,0,0
1993,3,16.7,12.44,4.69,0.9,0,0,0,0,0,0,0
1993,4,30.4,24.75,4.21,1.3,0,0,0,0,0,0,0
1993,5,42.2,39.26,2.86,1,0,0,0,0,0,0,0
1993,6,51.5,50.32,1.47,0.8,0,0.49,0,0,0,0,0.49
1993,7,56.8,53.77,1.57,1.9,0,0,0,0,0,0,0
1993,8,50.1,50.02,2.01,0,2.92,0,3.84,3.515,0,9.58,19.855
1993,9,39.7,40.84,2.88,-0.4,0.6125,2.995,0,8.015,0.16,6.5375,18.32
1993,10,29.9,25.22,4.17,1.1,0,0,0,0,0,0,0
1993,11,15.8,11.77,5.08,0.8,0,0,0,0,0,0,0
1993,12,11.9,6.98,5.18,0.9,0,0,0,0,0,0,0
1994,1,7.4,3.79,6.83,0.5,0,0,0,0,0,0,0
1994,2,4.1,7,6.64,-0.4,0,0,0,0,0,0,0
1994,3,9,12.44,4.69,-0.7,0,0,0,0,0,0,0
1994,4,25.7,24.75,4.21,0.2,0,0,0,0,0,0,0
1994,5,40.3,39.26,2.86,0.4,0,0,0,0,0,0,0
1994,6,49.4,50.32,1.47,-0.6,0,0,0,0,0,0,0
1994,7,54.5,53.77,1.57,0.5,0,1.565,0,0,0,0,1.565
1994,8,51.8,50.02,2.01,0.9,0,0.825,3.99,3.505,0,0,8.32
1994,9,39.8,40.84,2.88,-0.4,1.1625,0,1.715,0,0,0,2.8775
1994,10,22.8,25.22,4.17,-0.6,0,0,0,0,0,0,0
1994,11,6.9,11.77,5.08,-1,1.6575,1.4175,0,10.905,0,5.2775,19.2575
1994,12,2.8,6.98,5.18,-0.8,0,0,0,0,0,0,0
1995,1,5,3.79,6.83,0.2,0,0,0,0,0,0,0
1995,2,8.4,7,6.64,0.2,0,0,0,0,0,0,0
1995,3,6.5,12.44,4.69,-1.3,0,0,0,0,0,0,0
1995,4,30,24.75,4.21,1.2,0,0,0,0,0,0,0
1995,5,42.7,39.26,2.86,1.2,0,0,0,0,0,0,0
1995,6,49.8,50.32,1.47,-0.4,0.2825,2.8,0,0,0,0,3.0825
1995,7,53.8,53.77,1.57,0,0,0.2825,0,2.735,0,8.085,11.1025
1995,8,49.6,50.02,2.01,-0.2,0.895,4.3075,25.8125,33.965,0.1225,15.68,80.7825
1995,9,45.9,40.84,2.88,1.8,4.7675,0.2825,39.94,14.845,0,25.6,85.435
1995,10,27,25.22,4.17,0.4,4.9375,21.835,3.6375,14.465,0.25,0,45.125
1995,11,9,11.77,5.08,-0.5,0,0,0,1.575,0,0,1.575
1995,12,5.6,6.98,5.18,-0.3,0,0,0,0,0,0,0
1996,1,-2.4,3.79,6.83,-0.9,0,0,0,0,0,0,0
1996,2,4,7,6.64,-0.5,0,0,0,0,0,0,0
1996,3,17.7,12.44,4.69,1.1,0,0,0,0,0,0,0
1996,4,23.7,24.75,4.21,-0.2,0,0,0,0,0,0,0
1996,5,40.4,39.26,2.86,0.4,0,0,0,0,0,0,0
1996,6,49.6,50.32,1.47,-0.5,0,0,0,0,0,0.81,0.81
1996,7,53.6,53.77,1.57,-0.1,4.085,0,4.5825,0,0.3725,12.3075,21.3475
1996,8,47.4,50.02,2.01,-1.3,1.65,2.0525,27.6475,8.5525,0.2025,15.3575,55.4625
1996,9,37.3,40.84,2.88,-1.2,4.9275,0,11.165,6.5025,0.16,34.705,57.46
1996,10,17.1,25.22,4.17,-1.9,5.0925,1.6125,0,12.965,0,5.345,25.015
1996,11,11.6,11.77,5.08,0,6.0875,0,0,0,0,0,6.0875
1996,12,0.9,6.98,5.18,-1.2,0,0,0,0,0,0,0
1997,1,-0.3,3.79,6.83,-0.6,0,0,0,0,0,0,0
1997,2,15.1,7,6.64,1.2,0,0,0,0,0,0,0
1997,3,7.7,12.44,4.69,-1,0,0,0,0,0,0,0
1997,4,27.5,24.75,4.21,0.7,0,0,0,0,0,0,0
1997,5,41,39.26,2.86,0.6,0,0,0,0,0,0,0
1997,6,52.3,50.32,1.47,1.3,0,0,0,0,0,0.81,0.81
1997,7,55.4,53.77,1.57,1,0,4.625,0,1.97,0,4.64,11.235
1997,8,52.2,50.02,2.01,1.1,0,0,0,0,0,0,0
1997,9,44.6,40.84,2.88,1.3,0,0,6.0375,20.6025,0,0,26.64
1997,10,20.3,25.22,4.17,-1.2,0,0,0,2.12,0,0.1225,2.2425
1997,11,18.1,11.77,5.08,1.2,0,0,0,0,0,0,0
1997,12,3.7,6.98,5.18,-0.6,0,0,0,0,0,0,0
1998,1,0.6,3.79,6.83,-0.5,0,0,0,0,0,0,0
1998,2,10.4,7,6.64,0.5,0,0,0,0,0,0,0
1998,3,20.2,12.44,4.69,1.7,0,0,0,0,0,0,0
1998,4,30.6,24.75,4.21,1.4,0,0,0,0,0,0,0
1998,5,39.2,39.26,2.86,0,0,0,0,0,0,0,0
1998,6,49.9,50.32,1.47,-0.3,0,0,0,0,0,0,0
1998,7,54.8,53.77,1.57,0.7,0,0,1.9025,0,0,0,1.9025
1998,8,47.7,50.02,2.01,-1.2,0,0.9675,6.12,5.4225,0,30.285,42.795
1998,9,41.6,40.84,2.88,0.3,10.725,17.6025,27.2275,27.4225,0.2025,5.3925,88.5725
1998,10,27.4,25.22,4.17,0.5,34.4975,0,1.6725,3.3325,0,0,39.5025
1998,11,15,11.77,5.08,0.6,0,1.3575,0,6.225,0,0,7.5825
1998,12,3.8,6.98,5.18,-0.6,0,0,0,1.4125,0,0,1.4125
1999,1,-3.3,3.79,6.83,-1,0,0,0,0,0,0,0
1999,2,-3.7,7,6.64,-1.6,0,0,0,0,0,0,0
1999,3,9.1,12.44,4.69,-0.7,0,0,0,0,0,0,0
1999,4,23.6,24.75,4.21,-0.3,0,0,0,0,0,0,0
1999,5,37.4,39.26,2.86,-0.7,0,0,0,0,0,0,0
1999,6,51,50.32,1.47,0.5,0,0,0,3.42,0,0,3.42
1999,7,53.2,53.77,1.57,-0.4,0,0,0,0,0,0,0
1999,8,51.1,50.02,2.01,0.5,0,11.6,7.8675,19.1675,0,15.715,54.35
1999,9,41.9,40.84,2.88,0.4,0,1.73,23.5325,25.9525,0,26.865,78.08
1999,10,22.8,25.22,4.17,-0.6,3.9375,1.6275,4.385,3.415,0,7.44,20.805
1999,11,8,11.77,5.08,-0.7,18.9575,0,0.915,0,0,0,19.8725
1999,12,-2.6,6.98,5.18,-1.8,0,0,0,0,0,0,0
2000,1,0.7,3.79,6.83,-0.5,0,0,0,0,0,0,0
2000,2,16.3,7,6.64,1.4,0,0,0,0,0,0,0
2000,3,17.2,12.44,4.69,1,0,0,0,0,0,0,0
2000,4,24.5,24.75,4.21,-0.1,0,0,0,0,0,0,0
2000,5,35.4,39.26,2.86,-1.3,0,0,0,0,0,0,0
2000,6,51.2,50.32,1.47,0.6,0,0,0,0,0,0,0
2000,7,51.8,53.77,1.57,-1.3,0,0,0,0,0,0,0
2000,8,47.4,50.02,2.01,-1.3,0.705,0.89,13.225,28.8875,0,0,43.7075
2000,9,38.6,40.84,2.88,-0.8,1.65,4.7675,21.16,16.9875,0,7.6075,52.1725
2000,10,24.9,25.22,4.17,-0.1,8.21,2.47,0.2825,3.9075,0,8.3925,23.2625
2000,11,18.2,11.77,5.08,1.3,0,0,0,0,0,0,0
2000,12,14.5,6.98,5.18,1.5,0,0,0,0,0,0,0
2001,1,15.7,3.79,6.83,1.7,0,0,0,0,0,0,0
2001,2,14.7,7,6.64,1.2,0,0,0,0,0,0,0
2001,3,12,12.44,4.69,-0.1,0,0,0,0,0,0,0
2001,4,25.1,24.75,4.21,0.1,0,0,0,0,0,0,0
2001,5,32.7,39.26,2.86,-2.3,0,0,0,0,0,0,0
2001,6,50.8,50.32,1.47,0.3,0,1.0175,0,0,0,0.2825,1.3
2001,7,52.1,53.77,1.57,-1.1,0,0,0,0,0,0,0
2001,8,50.5,50.02,2.01,0.2,4.8175,2.465,0.5,1.985,0,0.25,10.0175
2001,9,42.4,40.84,2.88,0.5,0,1.2975,2.9675,36.7775,0,10.835,51.8775
2001,10,21.8,25.22,4.17,-0.8,10.3125,0,0.89,3.3425,0,2.5225,17.0675
2001,11,9.7,11.77,5.08,-0.4,13.8075,0,0,13.1075,0,1.8425,28.7575
2001,12,0.6,6.98,5.18,-1.2,0,0,0,0,0,1.055,1.055
2002,1,9.5,3.79,6.83,0.8,0,0,0,0,0,0,0
2002,2,8.7,7,6.64,0.3,0,0,0,0,0,0,0
2002,3,15.4,12.44,4.69,0.6,0,0,0,0,0,0,0
2002,4,21.5,24.75,4.21,-0.8,0,0,0,0,0,0,0
2002,5,41.1,39.26,2.86,0.6,0,0,0,0,0,0,0
2002,6,50,50.32,1.47,-0.2,0,0,0,0,0,0,0
2002,7,53.4,53.77,1.57,-0.2,0,0,0,0.75,0,0.7775,1.5275
2002,8,49.2,50.02,2.01,-0.4,0,0.245,1.5925,0,0,1.5725,3.41
2002,9,42.7,40.84,2.88,0.6,9.195,16.35,2.35,13.165,0.16,5.5325,46.7525
2002,10,31.8,25.22,4.17,1.6,1.8625,8.935,0,0,0.16,4.78,15.7375
2002,11,24.1,11.77,5.08,2.4,0,0,0,0,0,0,0
2002,12,13.6,6.98,5.18,1.3,0,0,0,0,0,0,0
2003,1,10.2,3.79,6.83,0.9,0,0,0,0,0,0,0
2003,2,16.5,7,6.64,1.4,0,0,0,0,0,0,0
2003,3,11,12.44,4.69,-0.3,0,0,0,0,0,0,0
2003,4,27.8,24.75,4.21,0.7,0,0,0,1.88,0,1.315,3.195
2003,5,38.4,39.26,2.86,-0.3,0,0,0,0,0,0,0
2003,6,51.2,50.32,1.47,0.6,0,1.1875,0,0,0,0,1.1875
2003,7,53.5,53.77,1.57,-0.2,3.565,5.4725,0,4.5575,0.405,0,14
2003,8,50.6,50.02,2.01,0.3,0,2.5925,8.9325,0,0,0,11.525
2003,9,39,40.84,2.88,-0.6,0,0.5325,20.1975,65.865,0.4525,24.0125,111.06
2003,10,31.7,25.22,4.17,1.6,0.16,4.145,7.1275,18.3775,0,0.6875,30.4975
2003,11,14.8,11.77,5.08,0.6,0,0,0,0,0,0,0
2003,12,4.6,6.98,5.18,-0.5,2.595,0,0.41,1.645,0,0.16,4.81
2004,1,-0.4,3.79,6.83,-0.6,0,0,0,0,0,0,0
2004,2,10.1,7,6.64,0.5,0,0,0,0,0,0,0
2004,3,10,12.44,4.69,-0.5,0,0,0,0,0,0,0
2004,4,28.7,24.75,4.21,0.9,0,0,0,0,0,0,0
2004,5,43.2,39.26,2.86,1.4,0,0,0,0,0,0,0
2004,6,55.1,50.32,1.47,3.2,0,0,0,0,0,0,0
2004,7,57.3,53.77,1.57,2.3,0,0,0,0,0,0,0
2004,8,55.3,50.02,2.01,2.6,5.4425,6.75,28.875,9.815,0,13.81,64.6925
2004,9,37.4,40.84,2.88,-1.2,48.7075,16.935,33.4075,16.15,0.25,39.56,155.01
2004,10,29.5,25.22,4.17,1,0,1.0075,0,3.595,0,0.64,5.2425
2004,11,16.9,11.77,5.08,1,0,0,0,1.0875,0,0,1.0875
2004,12,8.8,6.98,5.18,0.4,0,0,0,0.8475,0,0,0.8475
2005,1,6.7,3.79,6.83,0.4,0,0,0,0,0,0,0
2005,2,8,7,6.64,0.2,0,0,0,0,0,0,0
2005,3,18.5,12.44,4.69,1.3,0,0,0,0,0,0,0
2005,4,24.5,24.75,4.21,-0.1,0,0,0,0,0,0,0
2005,5,43.7,39.26,2.86,1.6,0,0,0,0,0,0,0
2005,6,52.5,50.32,1.47,1.5,0.73,2.1925,0,0,0,0,2.9225
2005,7,54.4,53.77,1.57,0.4,34.12,17.2125,2.135,0.5,0.2025,6.215,60.385
2005,8,52.6,50.02,2.01,1.3,0,18.155,0,11.0925,0.41,9.5675,39.225
2005,9,42.9,40.84,2.88,0.7,0,22.3725,5.0575,18.8475,0.325,21.6025,68.205
2005,10,27.4,25.22,4.17,0.5,35.645,8.065,0,3.7675,0,4.9325,52.41
2005,11,5.1,11.77,5.08,-1.3,1.3325,0,0,7.6325,0,0,8.965
2005,12,13.9,6.98,5.18,1.3,0,0,0,13.22,0,0,13.22
2006,1,-4.7,3.79,6.83,-1.2,0,0,0,4.795,0,0,4.795
2006,2,12.4,7,6.64,0.8,0,0,0,0,0,0,0
2006,3,7.7,12.44,4.69,-1,0,0,0,0,0,0,0
2006,4,20.8,24.75,4.21,-0.9,0,0,0,0,0,0,0
2006,5,40,39.26,2.86,0.3,0,0,0,0,0,0,0
2006,6,49.1,50.32,1.47,-0.8,0,2.635,0,0,0,0.1225,2.7575
2006,7,53,53.77,1.57,-0.5,0,0,0,0.485,0,2.455,2.94
2006,8,48.3,50.02,2.01,-0.9,3.2375,0.2825,2.98,1.215,0,1.8725,9.5875
2006,9,44.3,40.84,2.88,1.2,0,0,5.7925,49.2875,0,4.5575,59.6375
2006,10,31.6,25.22,4.17,1.5,0,0,0,3.6125,0,0,3.6125
2006,11,6.2,11.77,5.08,-1.1,0,0,0,0,0,0,0
2006,12,8.1,6.98,5.18,0.2,0,0,0,0,0,0,0
2007,1,5.5,3.79,6.83,0.2,0,0,0,0,0,0,0
2007,2,6.1,7,6.64,-0.1,0,0,0,0,0,0,0
2007,3,-0.2,12.44,4.69,-2.7,0,0,0,0,0,0,0
2007,4,29.9,24.75,4.21,1.2,0,0,0,0,0,0,0
2007,5,39.5,39.26,2.86,0.1,0,0,0,0,0,0.895,0.895
2007,6,51,50.32,1.47,0.5,0,0.7725,0,0,0,0,0.7725
2007,7,55.5,53.77,1.57,1.1,0,0,0,0.405,0,0.1225,0.5275
2007,8,53.2,50.02,2.01,1.6,27.81,3.045,4.745,0.2025,0,0,35.8025
2007,9,43.5,40.84,2.88,0.9,17.9075,3.2875,5.5275,0.735,0,1.54,28.9975
2007,10,25.3,25.22,4.17,0,2.4075,0,0,0,0,0.2025,2.61
2007,11,19.8,11.77,5.08,1.6,0,0,0,0,0,3.0125,3.0125
2007,12,8,6.98,5.18,0.2,1.2675,0,0,0,0,0,1.2675
2008,1,0.4,3.79,6.83,-0.5,0,0,0,0,0,0,0
2008,2,1.7,7,6.64,-0.8,0,0,0,0,0,0,0
2008,3,12.6,12.44,4.69,0,0,0,0,0,0,0,0
2008,4,23,24.75,4.21,-0.4,0,0,0,0,0,0,0
2008,5,39.1,39.26,2.86,-0.1,0.5275,0,0,0,0,0,0.5275
2008,6,48.8,50.32,1.47,-1,0.1225,0.1225,0,0,0,0,0.245
2008,7,51.2,53.77,1.57,-1.6,0.725,4.5975,4.955,24.0575,0.1225,3.1,37.5575
2008,8,48.4,50.02,2.01,-0.8,11.735,8.585,0,1.215,0,4.25,25.785
2008,9,41.3,40.84,2.88,0.2,5.0775,15.4025,4.655,13.15,0.495,22.425,61.205
2008,10,18.9,25.22,4.17,-1.5,5.2325,1.3175,1.3,3.345,0,0,11.195
2008,11,9.6,11.77,5.08,-0.4,9.2025,0,0,0,0,0,9.2025
2008,12,6,6.98,5.18,-0.2,0,0,0,0,0,0,0
2009,1,-0.2,3.79,6.83,-0.6,0,0,0,0,0,0,0
2009,2,5.1,7,6.64,-0.3,0,0,0,0,0,0,0
2009,3,7.1,12.44,4.69,-1.1,0,0,0,0,0,0,0
2009,4,24.1,24.75,4.21,-0.2,0,0,0,0,0,0,0
2009,5,40.4,39.26,2.86,0.4,0,0,0,0,0,0,0
2009,6,49.8,50.32,1.47,-0.4,0,0,0,0,0,0,0
2009,7,56.1,53.77,1.57,1.5,0,0,0,0,0,0,0
2009,8,49,50.02,2.01,-0.5,0,0.735,12.305,7.3725,0,9.645,30.0575
2009,9,41.6,40.84,2.88,0.3,0.565,0,10.655,0,0,0,11.22
2009,10,30.5,25.22,4.17,1.3,0,0,1.215,1.9725,0,0,3.1875
2009,11,7.4,11.77,5.08,-0.9,4.55,3.565,0,0,0,0,8.115
2009,12,10.2,6.98,5.18,0.6,0,0,0,0,0,0,0
2010,1,1.5,3.79,6.83,-0.3,0,0,0,0,0,0,0
2010,2,10.8,7,6.64,0.6,0,0,0,0,0,0,0
2010,3,9.8,12.44,4.69,-0.6,0,0,0,0,0,0,0
2010,4,26.9,24.75,4.21,0.5,0,0,0,0,0,0,0
2010,5,41.3,39.26,2.86,0.7,0,0,0,0,0,0,0
2010,6,49.5,50.32,1.47,-0.6,1.2275,4.585,0,0,0,0,5.8125
2010,7,52.1,53.77,1.57,-1.1,0,1.3725,0,0,0.52,0.405,2.2975
2010,8,51.5,50.02,2.01,0.7,0,0,15.4275,16.0025,0,5.5875,37.0175
2010,9,42.8,40.84,2.88,0.7,3.29,5.16,35.4325,25.5025,0,17.53,86.915
2010,10,27.6,25.22,4.17,0.6,13.845,1.8225,1.41,4.4375,0,3.0525,24.5675
2010,11,17.7,11.77,5.08,1.2,4.2675,0,0,0,0,3.025,7.2925
2010,12,-2.5,6.98,5.18,-1.8,0,0,0,0,0,0,0
2011,1,7,3.79,6.83,0.5,0,0,0,0,0,0,0
2011,2,6,7,6.64,-0.2,0,0,0,0,0,0,0
2011,3,11.9,12.44,4.69,-0.1,0,0,0,0,0,0,0
2011,4,23.2,24.75,4.21,-0.4,0,0,0,0,0,0,0
2011,5,40.5,39.26,2.86,0.4,0,0,0,0,0,0,0
2011,6,49.8,50.32,1.47,-0.4,0,1.8775,0,0,0,0,1.8775
2011,7,52.1,53.77,1.57,-1.1,0,1.62,0,2.3125,0,3.2775,7.21
2011,8,49,50.02,2.01,-0.5,4.7025,0.1225,4.0475,2.38,0,16.3275,27.58
2011,9,42.4,40.84,2.88,0.5,0,6.0925,16.85,16.32,0,14.935,54.1975
2011,10,28.5,25.22,4.17,0.8,10.0875,0,0,21.6025,0,0,31.69
2011,11,3.6,11.77,5.08,-1.6,0,0,0,0.16,0,3.5875,3.7475
2011,12,9.4,6.98,5.18,0.5,0,0,0,0,0,0,0
2012,1,-12.8,3.79,6.83,-2.4,0,0,0,0,0,0,0
2012,2,12.1,7,6.64,0.8,0,0,0,0,0,0,0
2012,3,4.3,12.44,4.69,-1.7,0,0,0,0,0,0,0
2012,4,27.3,24.75,4.21,0.6,0,0,0,0,0,0,0
2012,5,37.2,39.26,2.86,-0.7,0,0,0,0,0,4.36,4.36
2012,6,50.5,50.32,1.47,0.1,0,2.7575,0,4.085,0,0,6.8425
2012,7,52,53.77,1.57,-1.1,0,0,0,0,0,0,0
2012,8,49.9,50.02,2.01,-0.1,8.9475,7.8825,4.675,13.8075,0.1225,0.605,36.04
2012,9,40.6,40.84,2.88,-0.1,0,0,2.6775,54.21,0,0,56.8875
2012,10,25.5,25.22,4.17,0.1,5.0275,0,0.895,8.6,0,13.98,28.5025
2012,11,6,11.77,5.08,-1.1,0,0,0,0,0,0,0
2012,12,-0.8,6.98,5.18,-1.5,0,0,0,0,0,0,0
2013,1,9.8,3.79,6.83,0.9,0,0,0,0,0,0,0
2013,2,6.3,7,6.64,-0.1,0,0,0,0,0,0,0
2013,3,11,12.44,4.69,-0.3,0,0,0,0,0,0,0
2013,4,16.7,24.75,4.21,-1.9,0,0,0,0,0,0,0
2013,5,35.2,39.26,2.86,-1.4,0,0,0,0,0,0,0
2013,6,53.9,50.32,1.47,2.4,0,2.06,0,0,0,0.32,2.38
2013,7,55,53.77,1.57,0.8,0.825,0,4.2275,0,0,0,5.0525
2013,8,51.4,50.02,2.01,0.7,0,0.655,1.3,0.245,0,0,2.2
2013,9,39.6,40.84,2.88,-0.4,0,4.9,4.715,4.8775,0,1.565,16.0575
2013,10,34,25.22,4.17,2.1,0,2.2675,0,3.16,0,0,5.4275
2013,11,13.7,11.77,5.08,0.4,0,0,0,3.4725,0,0,3.4725
2013,12,7,6.98,5.18,0,0,0,0,1.53,0,0,1.53
2014,1,18.4,3.79,6.83,2.1,0,0,0,0,0,0,0
2014,2,6.7,7,6.64,0,0,0,0,0,0,0,0
2014,3,14.1,12.44,4.69,0.4,0,0,0,0,0,0,0
2014,4,27.4,24.75,4.21,0.6,0,0,0,0,0,0,0
2014,5,41.9,39.26,2.86,0.9,0,0,0,0,0,0,0
2014,6,48.1,50.32,1.47,-1.5,0,0,0,0,0,0,0
2014,7,52.7,53.77,1.57,-0.7,0,0,0,0,0,6.9475,6.9475
2014,8,52,50.02,2.01,1,0.8425,0,0.725,1.8175,0,10.055,13.44
2014,9,42.3,40.84,2.88,0.5,0,0.9275,0.725,14.9075,0,0,16.56
2014,10,25.8,25.22,4.17,0.1,1.7975,0,2.5,5.8625,0,19.6175,29.7775
2014,11,19.7,11.77,5.08,1.6,0,0,0,0,0,0,0
2014,12,15,6.98,5.18,1.5,0,0,0,0,0,0,0
2015,1,7.1,3.79,6.83,0.5,0,0,0,0,0,0,0
2015,2,12.7,7,6.64,0.9,0,0,0,0,0,0,0
2015,3,15.9,12.44,4.69,0.7,0,0,0,0,0,0,0
2015,4,28.2,24.75,4.21,0.8,0,0,0,0,0,0,0
2015,5,44.8,39.26,2.86,1.9,0,0,0,0,0,2.12,2.12
2015,6,52.3,50.32,1.47,1.3,0,1.065,0,0,0,0,1.065
2015,7,54.3,53.77,1.57,0.3,0,0,0,0.565,0,0.565,1.13
2015,8,49.3,50.02,2.01,-0.4,1.0125,0,14.815,0,0,0,15.8275
2015,9,38.9,40.84,2.88,-0.7,0,0,5.525,4.12,0,2.6625,12.3075
2015,10,31.6,25.22,4.17,1.5,0,0,0,4.3,0,22.28,26.58
2015,11,17.2,11.77,5.08,1.1,0,0,0,0.985,0,2.67,3.655
2015,12,8.3,6.98,5.18,0.3,0,0,0,0,0,0,0
2016,1,17.4,3.79,6.83,2,,,,,,,
2016,2,17.4,7,6.64,1.6,,,,,,,
2016,3,18.8,12.44,4.69,1.4,,,,,,,
2016,4,33.4,24.75,4.21,2.1,,,,,,,
2016,5,44,39.26,2.86,1.7,,,,,,,
2016,6,51.9,50.32,1.47,1.1,,,,,,,
2016,7,55.6,53.77,1.57,1.2,,,,,,,
2016,8,53.3,50.02,2.01,1.6,,,,,,,
2016,9,42.2,40.84,2.88,0.5,,,,,,,
2016,10,29.6,25.22,4.17,1.1,,,,,,,
2016,11,13.3,11.77,5.08,0.3,,,,,,,
2016,12,6.4,6.98,5.18,-0.1,,,,,,,
2017,1,4.2,3.79,6.83,0.1,,,,,,,
2016,2,6.4,7,6.64,-0.1,,,,,,,
2016,3,4.2,12.44,4.69,-1.8,,,,,,,
2016,4,29.9,24.75,4.21,1.2,,,,,,,
2016,5,40,39.26,2.86,0.3,,,,,,,
2017,6,51.5,50.32,1.47,0.8,,,,,,,
2017,7,56.2,53.7,3.5,1.57,,,,,,,
2017,8,50.3,50.02,2.01,0.14,,,,,,,
2017,9,42.8,40.84,2.88,0.68,,,,,,,
2017,10,30.2,25.22,4.17,1.2,,,,,,,
2017,11,15.8,11.77,5.08,0.8,,,,,,,
2017,12,19.1,6.98,5.18,2.3,,,,,,,
2018,1,6.7,3.79,6.83,0.4,,,,,,,
2018,2,12.8,7,6.64,0.9,,,,,,,
2018,3,17.9,12.44,4.69,1.2,,,,,,,
2018,4,26.8,27.75,4.21,-0.2,,,,,,,
2018,5,39.3,39.26,2.86,0,,,,,,,
2018,6,50,50.32,1.47,-0.2,,,,,,,
2018,7,55.6,53.7,1.57,0.5,,,,,,,
2018,8,49.7,50.02,2.01,-0.2,,,,,,,
2018,9,44.3,40.84,2.88,1.2,,,,,,,
2018,10,33.9,25.22,4.17,2.1,,,,,,,
2018,11,19.2,11.77,5.08,1.5,,,,,,,
2018,12,8.9,6.98,5.18,0.4,,,,,,,
2019,1,7.6,3.79,6.83,0.6,,,,,,,
2019,2,15.4,7,6.64,1.3,,,,,,,
2019,3,26.4,12.44,4.69,3,,,,,,,
2019,4,27.4,24.75,4.21,0.6,,,,,,,
2019,5,43.0,39.26,2.86,1.3,,,,,,,
2019,6,54.1,50.32,1.47,2.6,,,,,,,
2019,7,58.1,53.7,1.57,2.8,,,,,,,
2019,8,54.5,50.02,,,,,,,,,
2019,9,,,,,,,,,,,
2019,10,,,,,,,,,,,
2019,11,,,,,,,,,,,
2019,12,,,,,,,,,,,
2020,1,,,,,,,,,,,
2020,2,,,,,,,,,,,
2020,3,,,,,,,,,,,
2020,4,,,,,,,,,,,
2020,5,,,,,,,,,,,
2020,6,,,,,,,,,,,
2020,7,,,,,,,,,,,
2020,8,,,,,,,,,,,
2020,9,,,,,,,,,,,
2020,10,,,,,,,,,,,
2020,11,,,,,,,,,,,
2020,12,,,,,,,,,,,
2021,1,,,,,,,,,,,
2021,2,,,,,,,,,,,
2021,3,,,,,,,,,,,
2021,4,,,,,,,,,,,
2021,5,,,,,,,,,,,
2021,6,,,,,,,,,,,
2021,7,,,,,,,,,,,
2021,8,,,,,,,,,,,
2021,9,,,,,,,,,,,
2021,10,,,,,,,,,,,
2021,11,,,,,,,,,,,
2021,12,,,,,,,,,,,
2022,1,,,,,,,,,,,
2022,2,,,,,,,,,,,
2022,3,,,,,,,,,,,
2022,4,,,,,,,,,,,
2022,5,,,,,,,,,,,
2022,6,,,,,,,,,,,
2022,7,,,,,,,,,,,
2022,8,,,,,,,,,,,
2022,9,,,,,,,,,,,
2022,10,,,,,,,,,,,
2022,11,,,,,,,,,,,
2022,12,,,,,,,,,,,
2023,1,,,,,,,,,,,
2023,2,,,,,,,,,,,
2023,3,,,,,,,,,,,
2023,4,,,,,,,,,,,
2023,5,,,,,,,,,,,
2023,6,,,,,,,,,,,
2023,7,,,,,,,,,,,
2023,8,,,,,,,,,,,
2023,9,,,,,,,,,,,
2023,10,,,,,,,,,,,
2023,11,,,,,,,,,,,
2023,12,,,,,,,,,,,
2024,1,,,,,
2024,2,,,,,
2024,3,,,,,
2024,4,,,,,
2024,5,,,,,
2024,6,,,,,
2024,7,,,,,
2024,8,,,,,
2024,9,,,,,
2024,10,,,,,
2024,11,,,,,
2024,12,,,,,
2025,1,,,,,
2025,2,,,,,
2025,3,,,,,
2025,4,,,,,
2025,5,,,,,
2025,6,,,,,
2025,7,,,,,
2025,8,,,,,
2025,9,,,,,
2025,10,,,,,
2025,11,,,,,
2025,12,,,,,
2026,1,,,,,
2026,2,,,,,
2026,3,,,,,
2026,4,,,,,
2026,5,,,,,
2026,6,,,,,
2026,7,,,,,
2026,8,,,,,
2026,9,,,,,
2026,10,,,,,
2026,11,,,,,
2026,12,,,,,
2027,1,,,,,
2027,2,,,,,
2027,3,,,,,
2027,4,,,,,
2027,5,,,,,
2027,6,,,,,
2027,7,,,,,
2027,8,,,,,
2027,9,,,,,
2027,10,,,,,
2027,11,,,,,
2027,12,,,,,
