1,1979,4.0532,0.1955,0.0906,0.8570,0.7311,0.9018,0.8360,0.6826,0.8843,0.5398,0.4823,0.5847,1.2541,1.2024,13.2953
2,1979,4.0721,0.3769,0.1704,0.9531,0.7474,1.0193,0.8302,0.6780,0.8864,0.5663,0.4944,0.5821,1.2774,1.4063,14.0603
3,1979,4.0664,0.4390,0.1347,1.0604,0.6362,1.0534,0.8419,0.6843,0.8895,0.5666,0.4939,0.5847,1.2370,1.4524,14.1403
4,1979,4.1346,0.2914,0.0488,0.9208,0.5984,1.0927,0.8568,0.6911,0.9057,0.5670,0.4945,0.5947,1.1931,1.0545,13.4441
5,1979,4.1537,0.1255,0.0435,0.7951,0.5300,0.9193,0.8296,0.6877,0.8906,0.5335,0.4514,0.5978,1.1286,0.2886,11.9749
6,1979,4.0500,0.0301,0.0090,0.5855,0.4149,0.5931,0.6758,0.5773,0.8535,0.4420,0.4195,0.5858,0.8495,0.0616,10.1476
7,1979,3.6656,0.0058,0.0000,0.2697,0.2398,0.1984,0.4812,0.4866,0.7637,0.2757,0.3301,0.4533,0.2389,0.0000,7.4088
8,1979,3.6543,0.0023,0.0000,0.0783,0.1200,0.0424,0.1665,0.3490,0.6155,0.1034,0.1830,0.4782,0.0756,0.0000,5.8684
9,1979,3.4802,0.0087,0.0000,0.0535,0.1218,0.0136,0.0697,0.3813,0.6263,0.0554,0.1300,0.4577,0.0406,0.0010,5.4399
10,1979,3.6890,0.0182,0.0016,0.1202,0.2282,0.0617,0.4139,0.6441,0.7603,0.1194,0.2888,0.5622,0.0710,0.0306,7.0091
11,1979,3.9117,0.0479,0.0198,0.4836,0.3190,0.2396,0.7649,0.6787,0.8677,0.3591,0.4640,0.5815,0.3557,0.0658,9.1588
12,1979,4.0524,0.2624,0.0365,0.7525,0.4077,0.5530,0.8309,0.6871,0.8875,0.5661,0.5024,0.5925,1.0418,0.3620,11.5346
1,1980,4.0514,0.5159,0.0614,0.8912,0.4979,0.7144,0.8365,0.6833,0.8870,0.5774,0.5012,0.5889,1.2191,0.8294,12.8549
2,1980,4.0849,0.6144,0.1539,0.9871,0.6051,0.8002,0.8409,0.6820,0.8987,0.5600,0.4905,0.5899,1.2652,1.2421,13.8148
3,1980,4.0950,0.6037,0.1368,1.0685,0.5932,0.7914,0.8449,0.6883,0.8985,0.5619,0.4901,0.5913,1.2662,1.2674,13.8973
4,1980,4.1372,0.5038,0.0479,1.0047,0.5526,0.7581,0.8348,0.6873,0.9060,0.5749,0.5064,0.5959,1.2223,1.0994,13.4312
5,1980,4.1296,0.2168,0.0372,0.8184,0.4584,0.6246,0.7982,0.6481,0.8975,0.5680,0.5027,0.5935,1.0982,0.4481,11.8394
6,1980,3.9338,0.0369,0.0103,0.5812,0.3798,0.4370,0.7405,0.5527,0.8012,0.4662,0.4348,0.5194,0.8040,0.0994,9.7970
7,1980,3.7791,0.0059,0.0000,0.2998,0.2597,0.1911,0.5420,0.3930,0.6738,0.2416,0.2867,0.4375,0.2150,0.0000,7.3254
8,1980,3.6901,0.0021,0.0000,0.0670,0.1684,0.0529,0.3156,0.2130,0.5584,0.1608,0.2158,0.2984,0.0671,0.0000,5.8096
9,1980,3.6336,0.0069,0.0000,0.0396,0.1847,0.0312,0.2470,0.2073,0.5190,0.1915,0.2974,0.3466,0.0284,0.0009,5.7342
10,1980,3.7675,0.0172,0.0019,0.1344,0.3037,0.1518,0.4190,0.5532,0.7609,0.2698,0.3517,0.5429,0.0501,0.0235,7.3477
11,1980,3.9796,0.0601,0.0208,0.4150,0.4533,0.4710,0.7483,0.6905,0.8696,0.4067,0.4513,0.5832,0.3278,0.0507,9.5277
12,1980,4.0329,0.2941,0.0412,0.7000,0.5842,0.6997,0.8209,0.6808,0.8797,0.5596,0.4845,0.5882,1.1169,0.1639,11.6464
1,1981,4.0793,0.5086,0.1193,0.9497,0.6518,0.7263,0.8068,0.6675,0.8934,0.5692,0.4868,0.5894,1.2457,0.5324,12.8262
2,1981,4.0778,0.5581,0.1297,1.0509,0.6352,0.7139,0.8368,0.6770,0.8852,0.5680,0.4899,0.5853,1.2405,1.0140,13.4624
3,1981,4.1073,0.5474,0.0472,0.9651,0.6233,0.9018,0.8454,0.6827,0.8936,0.5698,0.4979,0.5934,1.2044,1.1079,13.5870
4,1981,4.1254,0.3626,0.0353,0.9762,0.5763,0.9935,0.8469,0.6873,0.8946,0.5677,0.5093,0.5954,1.2479,0.6688,13.0871
5,1981,4.1096,0.1407,0.0405,0.8166,0.5551,0.8848,0.8430,0.6597,0.8670,0.5472,0.4910,0.5943,1.1812,0.1333,11.8642
6,1981,4.0164,0.0310,0.0071,0.5358,0.4891,0.5186,0.7688,0.5332,0.7445,0.4051,0.4372,0.5304,0.8979,0.0474,9.9625
7,1981,3.6011,0.0059,0.0000,0.2128,0.3419,0.1991,0.5987,0.3640,0.5790,0.2530,0.2600,0.4210,0.2613,0.0000,7.0977
8,1981,3.4774,0.0021,0.0000,0.0507,0.1985,0.0590,0.3691,0.2200,0.4089,0.1470,0.1326,0.2295,0.0432,0.0000,5.3381
9,1981,3.5353,0.0064,0.0000,0.0472,0.1610,0.0268,0.3212,0.2201,0.4169,0.1511,0.1632,0.1935,0.0287,0.0000,5.2713
10,1981,3.8698,0.0167,0.0020,0.0884,0.3421,0.0856,0.4831,0.4986,0.7393,0.2448,0.3196,0.4190,0.0349,0.0289,7.1726
11,1981,4.0247,0.0894,0.0263,0.4274,0.4397,0.2524,0.6314,0.6652,0.8841,0.4682,0.4751,0.5694,0.1989,0.0441,9.1962
12,1981,4.0692,0.3117,0.0305,0.7112,0.6117,0.6056,0.7995,0.6855,0.8934,0.5618,0.4967,0.5901,0.8431,0.1881,11.3981
1,1982,4.0978,0.3882,0.0552,0.8710,0.7383,0.9089,0.8397,0.6874,0.8905,0.5634,0.5004,0.5850,1.2128,0.6838,13.0223
2,1982,4.1060,0.3878,0.1545,1.1718,0.6990,0.9473,0.8478,0.6833,0.8949,0.5331,0.4613,0.5843,1.2641,1.0109,13.7462
3,1982,4.1125,0.4587,0.1741,1.2524,0.6272,0.9122,0.8516,0.6908,0.9012,0.5531,0.4725,0.5902,1.2701,1.1436,14.0102
4,1982,4.1406,0.4501,0.0584,1.1260,0.6207,0.9209,0.8472,0.6915,0.9038,0.5659,0.4841,0.5953,1.2481,0.8949,13.5476
5,1982,4.1443,0.2372,0.0411,0.9746,0.5312,0.6712,0.8121,0.6913,0.9050,0.5663,0.4684,0.6020,1.1371,0.2658,12.0475
6,1982,4.0864,0.0372,0.0074,0.6933,0.4513,0.5188,0.7100,0.6188,0.8490,0.4352,0.3776,0.5288,0.8705,0.0565,10.2408
7,1982,3.8290,0.0061,0.0000,0.2770,0.3026,0.2753,0.5095,0.4682,0.7593,0.2559,0.2368,0.4549,0.2842,0.0000,7.6588
8,1982,3.7053,0.0022,0.0000,0.0701,0.1657,0.1147,0.2728,0.2659,0.5692,0.1470,0.1867,0.3190,0.0555,0.0000,5.8739
9,1982,3.4928,0.0064,0.0000,0.0580,0.2316,0.1124,0.1812,0.1492,0.4712,0.1196,0.1370,0.3119,0.0317,0.0010,5.3040
10,1982,3.7342,0.0197,0.0014,0.1949,0.2979,0.2738,0.5201,0.4981,0.7559,0.2447,0.3525,0.5375,0.0630,0.0268,7.5205
11,1982,3.9419,0.0614,0.0268,0.5736,0.3926,0.4375,0.8068,0.6866,0.8820,0.4449,0.5105,0.5910,0.4398,0.0540,9.8494
12,1982,4.0270,0.1982,0.0338,0.9758,0.4988,0.4644,0.8110,0.6855,0.8872,0.5426,0.5078,0.5966,1.1729,0.3857,11.7873
1,1983,4.0271,0.4674,0.0740,1.3979,0.5048,0.5013,0.8277,0.6783,0.8925,0.5699,0.5038,0.5911,1.2621,0.6950,12.9929
2,1983,4.0383,0.5722,0.1381,1.4703,0.5780,0.6128,0.8325,0.6748,0.8918,0.5706,0.5024,0.5911,1.2766,1.2057,13.9552
3,1983,4.0209,0.5825,0.1197,1.5099,0.5828,0.5969,0.8378,0.6839,0.9014,0.5749,0.5065,0.5918,1.2554,1.1502,13.9147
4,1983,4.0515,0.4799,0.0526,1.3769,0.5314,0.6401,0.8432,0.6818,0.9052,0.5764,0.5034,0.5966,1.2426,0.6031,13.0849
5,1983,4.0676,0.1709,0.0392,1.0253,0.4800,0.5255,0.8191,0.6672,0.8944,0.5596,0.5050,0.6045,1.1936,0.1740,11.7257
6,1983,3.9705,0.0359,0.0073,0.7140,0.3780,0.2668,0.7709,0.5700,0.8647,0.5433,0.4166,0.5393,0.9888,0.0722,10.1384
7,1983,3.6172,0.0061,0.0000,0.3808,0.2142,0.0697,0.4948,0.4255,0.7465,0.4012,0.3487,0.4635,0.4328,0.0000,7.6011
8,1983,3.6557,0.0023,0.0000,0.1351,0.1507,0.0230,0.2367,0.1440,0.5782,0.2354,0.2683,0.3116,0.1209,0.0000,5.8620
9,1983,3.5864,0.0065,0.0000,0.0827,0.1895,0.0126,0.1227,0.1335,0.5526,0.2714,0.3254,0.2208,0.0685,0.0000,5.5727
10,1983,3.8415,0.0264,0.0019,0.2252,0.3166,0.0607,0.3323,0.5928,0.8443,0.3633,0.4468,0.4823,0.0919,0.0339,7.6601
11,1983,4.0505,0.1082,0.0262,0.6328,0.4213,0.3479,0.6820,0.6858,0.8968,0.5203,0.4895,0.5873,0.3629,0.0460,9.8576
12,1983,4.0631,0.1271,0.0333,0.9399,0.4908,0.5729,0.8306,0.6849,0.8803,0.5008,0.4944,0.5853,1.1248,0.1612,11.4893
1,1984,4.0789,0.2948,0.1012,1.4099,0.4482,0.5639,0.8258,0.6892,0.8822,0.5307,0.4940,0.5829,1.2581,0.4519,12.6118
2,1984,4.0543,0.6242,0.1787,1.5622,0.4460,0.4762,0.7927,0.6748,0.8827,0.5430,0.4971,0.5845,1.2769,0.6188,13.2122
3,1984,4.0771,0.6387,0.1709,1.4312,0.5084,0.6119,0.8185,0.6829,0.9015,0.5582,0.4970,0.5870,1.2702,0.7143,13.4676
4,1984,4.1037,0.5792,0.0640,1.3307,0.4654,0.6690,0.8473,0.6873,0.8972,0.5742,0.5086,0.5928,1.2214,0.5231,13.0640
5,1984,4.0843,0.2988,0.0438,1.0828,0.4584,0.4613,0.8199,0.6908,0.8930,0.5681,0.5010,0.5987,1.1297,0.1443,11.7750
6,1984,4.0281,0.0413,0.0070,0.7132,0.3926,0.2342,0.7341,0.6326,0.8290,0.4663,0.4377,0.5442,0.8709,0.0643,9.9955
7,1984,3.6002,0.0058,0.0000,0.3082,0.2180,0.0450,0.3764,0.4886,0.7143,0.2618,0.3437,0.4304,0.2978,0.0001,7.0902
8,1984,3.4722,0.0023,0.0000,0.0614,0.1061,0.0142,0.1461,0.3463,0.6218,0.1348,0.2733,0.2675,0.0684,0.0000,5.5146
9,1984,3.2935,0.0053,0.0000,0.0488,0.1168,0.0118,0.0679,0.2345,0.5441,0.0851,0.2718,0.2569,0.0307,0.0000,4.9673
10,1984,3.5621,0.0172,0.0016,0.1043,0.2463,0.0342,0.2997,0.6055,0.7827,0.1691,0.3880,0.4747,0.0496,0.0254,6.7605
11,1984,3.8577,0.0538,0.0214,0.4263,0.3594,0.1730,0.7309,0.6778,0.8535,0.3695,0.4928,0.5679,0.4588,0.0589,9.1018
12,1984,3.8880,0.1802,0.0334,0.9161,0.3465,0.3211,0.8060,0.6872,0.8859,0.5559,0.4932,0.5812,1.1253,0.3150,11.1350
1,1985,3.9196,0.2752,0.1266,1.1629,0.4090,0.5621,0.8302,0.6839,0.8949,0.5667,0.4970,0.5840,1.2645,0.7748,12.5513
2,1985,4.0179,0.3244,0.2143,1.2180,0.5073,0.6999,0.8411,0.6817,0.8923,0.5663,0.4995,0.5824,1.2822,0.9502,13.2776
3,1985,4.0134,0.5487,0.2030,1.2871,0.5347,0.6179,0.8272,0.6813,0.8933,0.5782,0.5036,0.5826,1.2801,1.0545,13.6056
4,1985,4.0918,0.6258,0.0731,1.1328,0.6121,0.8068,0.8436,0.6843,0.9038,0.5859,0.5113,0.5903,1.2516,0.6648,13.3780
5,1985,4.1063,0.3363,0.0491,0.8950,0.4929,0.6382,0.8099,0.6859,0.9073,0.5813,0.5034,0.5877,1.1723,0.3465,12.1122
6,1985,3.9391,0.0496,0.0071,0.5249,0.3967,0.3740,0.6073,0.5612,0.8417,0.5450,0.4302,0.5323,0.8792,0.0752,9.7633
7,1985,3.4726,0.0062,0.0002,0.1417,0.1455,0.0872,0.3582,0.4079,0.6732,0.3388,0.3791,0.3997,0.3046,0.0019,6.7168
8,1985,3.4128,0.0025,0.0000,0.0385,0.0534,0.0267,0.0956,0.2572,0.5700,0.2031,0.3503,0.2763,0.0606,0.0000,5.3468
9,1985,3.4462,0.0054,0.0003,0.0403,0.0625,0.0181,0.0380,0.1584,0.5955,0.1849,0.3128,0.2094,0.0304,0.0011,5.1032
10,1985,3.8266,0.0217,0.0020,0.0908,0.2508,0.0769,0.1256,0.5031,0.8414,0.3223,0.4273,0.4613,0.0396,0.0263,7.0156
11,1985,4.0345,0.0645,0.0316,0.4006,0.3678,0.2794,0.5754,0.6777,0.8635,0.4828,0.4772,0.5750,0.4049,0.0418,9.2767
12,1985,4.0413,0.1124,0.0443,0.6357,0.5396,0.5076,0.8151,0.6848,0.8149,0.5410,0.4914,0.5859,1.0955,0.2059,11.1155
1,1986,4.0776,0.3650,0.1322,0.8865,0.6446,0.7221,0.8464,0.6876,0.8567,0.5621,0.5027,0.5828,1.2534,0.6501,12.7697
2,1986,4.0716,0.4601,0.2271,1.0065,0.6763,0.7331,0.8228,0.6806,0.8758,0.5767,0.4993,0.5775,1.2646,1.0066,13.4785
3,1986,4.0728,0.5731,0.2197,1.0958,0.6915,0.6998,0.8219,0.6749,0.8762,0.5727,0.4966,0.5747,1.2608,1.0194,13.6499
4,1986,4.0791,0.4558,0.0726,0.9487,0.7349,0.7566,0.8309,0.6816,0.8775,0.5734,0.4970,0.5815,1.2161,0.5831,12.8887
5,1986,4.1091,0.1690,0.0403,0.7405,0.5769,0.6746,0.8201,0.6784,0.8864,0.5264,0.4806,0.5856,1.1157,0.1454,11.5489
6,1986,4.0710,0.0288,0.0082,0.5652,0.4354,0.4237,0.7700,0.5829,0.7426,0.3643,0.4307,0.5340,0.8588,0.0565,9.8721
7,1986,3.7326,0.0061,0.0000,0.3343,0.2423,0.1530,0.5254,0.4923,0.5562,0.1951,0.3686,0.4554,0.2903,0.0000,7.3517
8,1986,3.6860,0.0022,0.0000,0.1006,0.1292,0.0366,0.2769,0.3195,0.4215,0.0963,0.2692,0.4203,0.0674,0.0000,5.8257
9,1986,3.5869,0.0052,0.0000,0.0442,0.1263,0.0348,0.2646,0.3021,0.4999,0.0694,0.2023,0.3872,0.0347,0.0000,5.5576
10,1986,3.8300,0.0166,0.0025,0.2866,0.2664,0.1295,0.4254,0.5911,0.8279,0.2645,0.3808,0.5418,0.1141,0.0281,7.7054
11,1986,3.9414,0.0445,0.0203,0.6531,0.3584,0.2816,0.6553,0.6880,0.8686,0.3563,0.4808,0.5901,0.7936,0.0436,9.7755
12,1986,3.9677,0.1732,0.0348,0.8895,0.4048,0.5208,0.8074,0.6952,0.8927,0.5420,0.4883,0.5905,1.2089,0.1867,11.4026
1,1987,3.9216,0.4058,0.1204,1.0894,0.5165,0.6249,0.8314,0.6802,0.9010,0.5720,0.4921,0.5908,1.2505,0.7038,12.7005
2,1987,4.0150,0.5371,0.2095,1.1493,0.6646,0.8697,0.8406,0.6836,0.9018,0.5777,0.4956,0.5979,1.2856,1.0496,13.8779
3,1987,4.0404,0.5245,0.1786,1.1196,0.6506,0.8409,0.8395,0.6779,0.9032,0.5800,0.4933,0.5977,1.2813,0.8505,13.5780
4,1987,4.0768,0.4850,0.0848,1.1170,0.5714,0.9442,0.8407,0.6776,0.9049,0.5829,0.5056,0.5999,1.2201,0.5569,13.1679
5,1987,4.0798,0.2634,0.0370,0.8931,0.5196,0.6623,0.8075,0.6868,0.9064,0.5683,0.4889,0.6087,1.1417,0.1609,11.8242
6,1987,4.0375,0.0513,0.0068,0.6488,0.3857,0.4693,0.7545,0.6112,0.8379,0.4735,0.3636,0.5624,0.9327,0.0603,10.1954
7,1987,3.7103,0.0047,0.0000,0.2988,0.2401,0.1888,0.4782,0.4887,0.6585,0.2860,0.1818,0.4846,0.3164,0.0000,7.3369
8,1987,3.7506,0.0020,0.0000,0.0582,0.1811,0.0512,0.1809,0.2562,0.4035,0.1306,0.1088,0.3511,0.0762,0.0000,5.5503
9,1987,3.8605,0.0050,0.0000,0.0319,0.2014,0.0370,0.0907,0.2821,0.5629,0.1802,0.1650,0.3018,0.0358,0.0000,5.7542
10,1987,4.0537,0.0158,0.0016,0.1662,0.3402,0.2134,0.3630,0.5938,0.8058,0.2317,0.1980,0.5183,0.0509,0.0223,7.5748
11,1987,4.1651,0.0570,0.0340,0.4783,0.4832,0.3527,0.7006,0.6910,0.9056,0.4350,0.4777,0.5773,0.3533,0.0417,9.7526
12,1987,4.2186,0.3169,0.0705,1.0157,0.7173,0.7428,0.8323,0.6874,0.9168,0.5680,0.5104,0.5968,1.2604,0.5952,13.0490
1,1988,4.2112,0.3702,0.0913,1.0519,0.7167,0.7081,0.8356,0.6882,0.9140,0.5690,0.5092,0.5955,1.2880,0.6945,13.2435
2,1988,4.2038,0.4783,0.2101,1.1623,0.6424,0.7350,0.8453,0.6840,0.9074,0.5719,0.5031,0.5891,1.2780,0.9128,13.7235
3,1988,4.2108,0.6364,0.1693,1.1028,0.7308,0.7576,0.8415,0.6864,0.9110,0.5887,0.5014,0.5922,1.2728,1.0458,14.0474
4,1988,4.2124,0.5309,0.0676,0.9859,0.7288,0.8141,0.8558,0.6856,0.9067,0.5816,0.5020,0.5934,1.2134,0.5966,13.2747
5,1988,4.1044,0.1711,0.0424,0.8177,0.5306,0.6017,0.8072,0.6462,0.8834,0.5446,0.4815,0.5836,1.0899,0.1931,11.4975
6,1988,4.0291,0.0309,0.0059,0.5802,0.4072,0.3662,0.6734,0.5163,0.8421,0.5273,0.3796,0.5288,0.8413,0.0584,9.7867
7,1988,3.7370,0.0041,0.0000,0.2414,0.2439,0.1421,0.4082,0.3524,0.6794,0.3482,0.2473,0.4208,0.2626,0.0000,7.0874
8,1988,3.6072,0.0021,0.0000,0.0587,0.1451,0.0572,0.2213,0.2023,0.5095,0.2103,0.1906,0.2744,0.0586,0.0000,5.5371
9,1988,3.6454,0.0053,0.0000,0.0234,0.1585,0.0610,0.2069,0.2363,0.4573,0.2385,0.1745,0.2413,0.0232,0.0000,5.4716
10,1988,4.0049,0.0130,0.0013,0.0515,0.3504,0.2559,0.4869,0.5599,0.7079,0.3198,0.3833,0.3969,0.0322,0.0220,7.5859
11,1988,4.1898,0.0931,0.0386,0.3757,0.5118,0.5191,0.7768,0.6839,0.8851,0.4755,0.5089,0.5865,0.2220,0.0369,9.9036
12,1988,4.2117,0.3913,0.0422,0.7346,0.7740,0.6494,0.8151,0.6687,0.9009,0.5880,0.5089,0.6029,1.0144,0.1046,12.0066
1,1989,4.2187,0.5635,0.1264,1.0145,0.7763,0.7455,0.8478,0.6808,0.8893,0.5833,0.5070,0.6034,1.2778,0.4249,13.2591
2,1989,4.1819,0.3544,0.2271,1.2090,0.6896,0.7827,0.8485,0.6804,0.8827,0.5352,0.4954,0.5957,1.2804,0.7567,13.5196
3,1989,4.1672,0.3406,0.1974,1.2379,0.7000,0.6622,0.8345,0.6748,0.8869,0.5379,0.4896,0.5916,1.2748,0.7816,13.3771
4,1989,4.1822,0.2392,0.0714,1.0890,0.6038,0.5762,0.8262,0.6816,0.8844,0.5387,0.4913,0.5952,1.2540,0.4056,12.4387
5,1989,4.1670,0.1042,0.0432,0.8319,0.5593,0.4410,0.7854,0.6680,0.8936,0.5480,0.4933,0.5931,1.1409,0.1425,11.4114
6,1989,4.0751,0.0354,0.0069,0.6129,0.5046,0.3757,0.7250,0.5874,0.7681,0.4245,0.4409,0.5228,0.8703,0.0496,9.9993
7,1989,3.8469,0.0043,0.0000,0.2759,0.3013,0.1846,0.4979,0.4774,0.5217,0.2361,0.3392,0.4233,0.2676,0.0000,7.3762
8,1989,3.6880,0.0022,0.0000,0.0738,0.1964,0.0854,0.3846,0.3267,0.2676,0.1060,0.1729,0.2728,0.0680,0.0000,5.6445
9,1989,3.4378,0.0054,0.0000,0.0464,0.2036,0.0754,0.2953,0.2080,0.1643,0.0844,0.1650,0.2425,0.0267,0.0000,4.9550
10,1989,3.6842,0.0178,0.0015,0.1619,0.3290,0.1938,0.4165,0.5856,0.5888,0.1657,0.2961,0.4850,0.0617,0.0237,7.0114
11,1989,3.9700,0.0645,0.0401,0.5043,0.4418,0.3286,0.6249,0.6759,0.8712,0.3950,0.5108,0.5959,0.4049,0.0398,9.4676
12,1989,4.0931,0.2152,0.0581,0.7670,0.6277,0.5014,0.7752,0.6864,0.8966,0.5538,0.5077,0.6095,1.1868,0.1785,11.6568
1,1990,4.0472,0.4757,0.1772,1.1559,0.5367,0.5678,0.8514,0.6902,0.9015,0.5839,0.5096,0.6168,1.2830,0.5058,12.9026
2,1990,4.0377,0.6700,0.2469,1.3945,0.4821,0.5166,0.8299,0.6790,0.8909,0.5800,0.5047,0.6052,1.2777,0.9143,13.6295
3,1990,4.1100,0.6653,0.2110,1.3942,0.5487,0.6349,0.8261,0.6722,0.8926,0.5823,0.5042,0.6020,1.1519,0.9260,13.7213
4,1990,4.0952,0.4674,0.0911,1.1719,0.5459,0.4997,0.7824,0.6657,0.8529,0.5724,0.5067,0.5994,1.1475,0.3868,12.3851
5,1990,4.0773,0.2142,0.0528,0.9493,0.4777,0.3305,0.7263,0.5960,0.7053,0.5371,0.4861,0.5956,1.1308,0.1015,10.9804
6,1990,4.0697,0.0275,0.0058,0.6188,0.3832,0.2227,0.6777,0.4572,0.5261,0.4200,0.4000,0.5425,0.8743,0.0412,9.2665
7,1990,3.7419,0.0044,0.0000,0.2227,0.2212,0.0668,0.4443,0.3027,0.2877,0.1997,0.2857,0.4521,0.3487,0.0000,6.5778
8,1990,3.7385,0.0021,0.0000,0.0350,0.1084,0.0385,0.2500,0.1072,0.0749,0.0796,0.2399,0.3496,0.0852,0.0000,5.1089
9,1990,3.5262,0.0047,0.0000,0.0358,0.0600,0.0199,0.2016,0.0829,0.0810,0.0668,0.2161,0.3317,0.0404,0.0000,4.6672
10,1990,3.8503,0.0162,0.0022,0.1971,0.2470,0.0633,0.4649,0.4433,0.4819,0.1136,0.3074,0.5098,0.0994,0.0288,6.8251
11,1990,4.1163,0.0511,0.0379,0.5736,0.3786,0.3247,0.7966,0.6840,0.8722,0.3406,0.4825,0.5980,0.3454,0.0419,9.6433
12,1990,4.1515,0.2364,0.0446,0.8537,0.4430,0.4491,0.8365,0.6929,0.9100,0.5658,0.5059,0.6014,1.0919,0.1437,11.5265
1,1991,4.1338,0.4324,0.1465,1.2627,0.4396,0.5341,0.8454,0.6934,0.9043,0.5728,0.5012,0.6054,1.2926,0.3194,12.6837
2,1991,4.1321,0.6861,0.2291,1.4006,0.5081,0.5325,0.8359,0.6849,0.9006,0.5727,0.5009,0.5969,1.2604,0.5243,13.3651
3,1991,4.1581,0.6213,0.1812,1.3397,0.5334,0.6361,0.8463,0.6859,0.9027,0.5788,0.5071,0.5965,1.2615,0.7240,13.5725
4,1991,4.1706,0.5571,0.0866,1.2607,0.5293,0.5864,0.8052,0.6679,0.8923,0.5829,0.5067,0.6029,1.2516,0.4957,12.9958
5,1991,4.1485,0.2500,0.0413,1.0526,0.4626,0.5320,0.7925,0.6338,0.8470,0.5370,0.4355,0.5899,1.1464,0.1259,11.5949
6,1991,4.0660,0.0350,0.0078,0.6893,0.3707,0.3053,0.7204,0.5425,0.7658,0.4378,0.3980,0.5048,0.8252,0.0489,9.7175
7,1991,3.6800,0.0046,0.0000,0.2524,0.1696,0.1010,0.4602,0.2806,0.5530,0.2719,0.3893,0.4211,0.2102,0.0000,6.7938
8,1991,3.5155,0.0022,0.0000,0.0473,0.0694,0.0403,0.3077,0.1042,0.2761,0.1910,0.3826,0.2929,0.0687,0.0000,5.2979
9,1991,3.2713,0.0060,0.0000,0.0398,0.0670,0.0174,0.1383,0.0805,0.2180,0.1296,0.3411,0.2704,0.0323,0.0000,4.6115
10,1991,3.7808,0.0169,0.0014,0.1039,0.2429,0.1376,0.4023,0.4747,0.5613,0.1429,0.3762,0.4895,0.0480,0.0255,6.8040
11,1991,4.0056,0.0446,0.0359,0.4610,0.3754,0.3779,0.6901,0.6735,0.8238,0.2667,0.4923,0.5894,0.3738,0.0374,9.2475
12,1991,4.0861,0.2142,0.0432,0.7997,0.4576,0.4035,0.7961,0.6650,0.8889,0.5240,0.5114,0.6092,1.1212,0.1430,11.2632
1,1992,4.1549,0.4926,0.1041,1.1022,0.5321,0.4946,0.8424,0.6889,0.9069,0.5735,0.5104,0.6079,1.2180,0.5145,12.7431
2,1992,4.1925,0.5633,0.2325,1.3662,0.5777,0.5845,0.8447,0.6951,0.9100,0.5818,0.5106,0.6051,1.2745,0.8631,13.8015
3,1992,4.1696,0.7096,0.2227,1.2821,0.5908,0.4779,0.8254,0.6878,0.9101,0.5905,0.5105,0.6075,1.2887,0.8335,13.7068
4,1992,4.1786,0.5432,0.1157,1.1165,0.5992,0.5260,0.8504,0.6844,0.9058,0.5823,0.5080,0.6069,1.2729,0.4782,12.9681
5,1992,4.1492,0.2510,0.0483,0.9868,0.5303,0.2552,0.7801,0.6691,0.8710,0.5637,0.5062,0.5919,1.1689,0.1518,11.5233
6,1992,4.0680,0.0504,0.0062,0.6661,0.4398,0.2071,0.7176,0.5943,0.7398,0.4535,0.4624,0.5385,1.0384,0.0497,10.0318
7,1992,3.6446,0.0048,0.0000,0.3384,0.3194,0.1188,0.4144,0.4150,0.4419,0.2482,0.3398,0.4546,0.5612,0.0000,7.3010
8,1992,3.5280,0.0022,0.0000,0.0921,0.2110,0.0380,0.2320,0.2557,0.2406,0.1342,0.2850,0.3987,0.1233,0.0000,5.5408
9,1992,3.5178,0.0045,0.0000,0.0594,0.2109,0.0227,0.1980,0.2881,0.3080,0.1803,0.3111,0.3856,0.0330,0.0000,5.5195
10,1992,3.9129,0.0190,0.0013,0.0870,0.3130,0.1959,0.5763,0.6348,0.7301,0.2550,0.4500,0.5301,0.0382,0.0241,7.7676
11,1992,4.1005,0.0900,0.0306,0.4644,0.3913,0.3587,0.7773,0.6883,0.8877,0.3935,0.4769,0.5866,0.4635,0.0475,9.7569
12,1992,4.1525,0.3606,0.0401,0.8811,0.4219,0.4460,0.8247,0.6885,0.9006,0.5696,0.5002,0.6012,1.1617,0.2599,11.8087
1,1993,4.1798,0.4328,0.1247,1.3781,0.5060,0.5156,0.8294,0.6858,0.8966,0.5785,0.4961,0.6028,1.2384,0.6170,13.0817
2,1993,4.1783,0.5273,0.2499,1.5353,0.5512,0.5355,0.8366,0.6885,0.9010,0.5783,0.4929,0.5995,1.2884,0.8847,13.8474
3,1993,4.2052,0.5520,0.2410,1.5405,0.5443,0.6189,0.8285,0.6741,0.8871,0.5819,0.5057,0.6007,1.2757,0.9350,13.9905
4,1993,4.1863,0.4093,0.1347,1.3380,0.5046,0.6729,0.8180,0.6731,0.9000,0.5874,0.5042,0.5998,1.2616,0.5876,13.1776
5,1993,4.1491,0.1374,0.0443,1.0194,0.4973,0.5370,0.7813,0.6297,0.8689,0.5386,0.4625,0.5907,1.1234,0.1453,11.5250
6,1993,3.9386,0.0261,0.0069,0.6152,0.4425,0.3625,0.5823,0.5236,0.7753,0.3841,0.3220,0.5276,0.7969,0.0466,9.3501
7,1993,3.4741,0.0044,0.0000,0.3048,0.3020,0.1937,0.3239,0.4328,0.3994,0.1555,0.1461,0.4130,0.1918,0.0000,6.3416
8,1993,3.3841,0.0022,0.0000,0.0923,0.1880,0.0791,0.1808,0.3076,0.1607,0.0343,0.1076,0.2767,0.0697,0.0000,4.8832
9,1993,3.4911,0.0051,0.0000,0.0596,0.1972,0.0817,0.1001,0.2593,0.1315,0.0194,0.0854,0.2360,0.0331,0.0000,4.6994
10,1993,3.9179,0.0177,0.0016,0.1348,0.3246,0.2284,0.4043,0.5800,0.6871,0.1457,0.1703,0.4681,0.0375,0.0252,7.1430
11,1993,4.0380,0.0372,0.0343,0.5879,0.3501,0.3445,0.6872,0.6782,0.8897,0.3070,0.4345,0.5958,0.5552,0.0425,9.5819
12,1993,4.0931,0.2379,0.0435,0.8800,0.4153,0.4326,0.7395,0.6883,0.9122,0.5560,0.4867,0.6032,1.1652,0.2859,11.5395
1,1994,4.1440,0.4316,0.1434,1.1120,0.4388,0.6765,0.8399,0.6899,0.8922,0.5550,0.4958,0.5987,1.2837,0.6938,12.9952
2,1994,4.1762,0.3918,0.2451,1.3877,0.4536,0.7804,0.8555,0.6883,0.9017,0.5237,0.5007,0.5991,1.2860,0.8342,13.6241
3,1994,4.1897,0.6134,0.2213,1.3268,0.4986,0.7120,0.8432,0.6820,0.9000,0.5619,0.5060,0.6040,1.2827,0.7103,13.6519
4,1994,4.1906,0.5556,0.1195,1.1391,0.4585,0.6559,0.8351,0.6859,0.9073,0.5799,0.5074,0.6032,1.2513,0.5210,13.0102
5,1994,4.1513,0.2984,0.0538,0.8445,0.4462,0.5899,0.8048,0.6706,0.9017,0.5548,0.4729,0.5965,1.1559,0.2436,11.7847
6,1994,3.9848,0.0373,0.0064,0.5514,0.3597,0.3213,0.6935,0.5668,0.8104,0.4927,0.4691,0.5053,0.8768,0.1072,9.7826
7,1994,3.4716,0.0046,0.0000,0.2141,0.2330,0.0975,0.4196,0.3863,0.7343,0.3452,0.3802,0.4075,0.2930,0.0000,6.9870
8,1994,3.4878,0.0022,0.0000,0.0444,0.1502,0.0221,0.1947,0.2233,0.4953,0.1521,0.2290,0.2436,0.0490,0.0000,5.2936
9,1994,3.5308,0.0060,0.0000,0.0366,0.1887,0.0121,0.1139,0.1791,0.4638,0.1901,0.2568,0.2467,0.0276,0.0000,5.2523
10,1994,3.9574,0.0190,0.0019,0.1445,0.3750,0.1245,0.2259,0.4170,0.7713,0.3660,0.3808,0.4789,0.0324,0.0254,7.3199
11,1994,4.1507,0.1070,0.0375,0.4327,0.4778,0.4322,0.7352,0.6762,0.8935,0.5169,0.4759,0.5653,0.1717,0.0528,9.7253
12,1994,4.1743,0.4033,0.0391,0.7786,0.4552,0.4294,0.7882,0.6857,0.9088,0.5868,0.5022,0.6010,0.9324,0.2635,11.5486
1,1995,4.1974,0.5515,0.0741,1.0460,0.4814,0.5294,0.8251,0.6965,0.9045,0.5808,0.5014,0.6001,1.2327,0.6856,12.9066
2,1995,4.2040,0.6796,0.1903,1.2128,0.5326,0.5052,0.8042,0.6856,0.9029,0.5856,0.5044,0.5998,1.2748,0.8576,13.5394
3,1995,4.2064,0.6431,0.2030,1.2449,0.5447,0.4895,0.8152,0.6889,0.9037,0.5809,0.5096,0.5997,1.2558,0.8395,13.5249
4,1995,4.1638,0.5581,0.1109,1.0793,0.5645,0.3443,0.6544,0.6916,0.9069,0.5815,0.4913,0.6016,1.2217,0.5771,12.5471
5,1995,4.1000,0.1723,0.0438,0.7438,0.5600,0.3177,0.6685,0.6530,0.8878,0.5289,0.4130,0.5948,1.0960,0.1911,10.9709
6,1995,3.9966,0.0306,0.0059,0.5142,0.4202,0.2077,0.4628,0.4716,0.8440,0.4544,0.3491,0.4857,0.7314,0.0578,9.0320
7,1995,3.5791,0.0045,0.0000,0.2343,0.2639,0.0686,0.1721,0.2430,0.6216,0.2471,0.1965,0.4170,0.1991,0.0000,6.2468
8,1995,3.5091,0.0021,0.0000,0.0576,0.2150,0.0166,0.0398,0.0360,0.3603,0.1465,0.1150,0.2642,0.0457,0.0000,4.8080
9,1995,3.4993,0.0058,0.0000,0.0452,0.2238,0.0086,0.0212,0.0099,0.2438,0.1182,0.1287,0.2401,0.0189,0.0000,4.5635
10,1995,3.6242,0.0161,0.0016,0.1631,0.3120,0.0621,0.1846,0.2407,0.5304,0.1451,0.2566,0.4969,0.0313,0.0221,6.0869
11,1995,4.0264,0.0376,0.0354,0.4002,0.4233,0.3665,0.6675,0.6640,0.8324,0.2283,0.4745,0.5788,0.2670,0.0431,9.0451
12,1995,4.1146,0.1661,0.0418,0.6994,0.4932,0.4992,0.7847,0.6752,0.8714,0.5089,0.5036,0.6030,1.0637,0.0938,11.1184
1,1996,4.1131,0.3424,0.0736,0.9714,0.5141,0.5515,0.8045,0.6914,0.8926,0.5685,0.5085,0.5989,1.2447,0.3101,12.1855
2,1996,4.1275,0.4538,0.1589,1.1102,0.5500,0.7004,0.8276,0.6896,0.8826,0.5694,0.5045,0.5971,1.2623,0.5702,13.0040
3,1996,4.1371,0.3708,0.1440,1.0729,0.5531,0.6009,0.8094,0.6875,0.8899,0.5692,0.5020,0.5972,1.2617,0.7523,12.9480
4,1996,4.1557,0.2991,0.0506,0.9545,0.5879,0.6259,0.8236,0.6829,0.8958,0.5746,0.5069,0.6040,1.2281,0.3586,12.3483
5,1996,4.1161,0.0958,0.0402,0.7809,0.5592,0.5634,0.8257,0.6678,0.8608,0.5087,0.4883,0.5924,1.1315,0.0984,11.3293
6,1996,4.0089,0.0362,0.0072,0.6620,0.3962,0.3496,0.7356,0.6628,0.8334,0.3516,0.4291,0.5061,0.8779,0.0425,9.8991
7,1996,3.7980,0.0049,0.0000,0.3712,0.2006,0.1327,0.4902,0.5435,0.7651,0.1933,0.3188,0.3999,0.2838,0.0000,7.5020
8,1996,3.4806,0.0022,0.0000,0.1505,0.0666,0.0317,0.2769,0.4168,0.6828,0.0873,0.2394,0.3209,0.0553,0.0000,5.8109
9,1996,3.4820,0.0053,0.0000,0.0906,0.0763,0.0132,0.2598,0.4579,0.6153,0.0942,0.3116,0.2725,0.0225,0.0000,5.7010
10,1996,3.8816,0.0175,0.0014,0.2734,0.2159,0.1046,0.5018,0.6336,0.7729,0.1948,0.4651,0.4456,0.0358,0.0281,7.5719
11,1996,4.0106,0.0441,0.0357,0.5585,0.3543,0.2046,0.5465,0.6774,0.8536,0.2317,0.4765,0.5529,0.1908,0.0390,8.7762
12,1996,4.1484,0.1990,0.0450,0.6921,0.5920,0.4039,0.7405,0.6930,0.8730,0.5313,0.5010,0.5849,0.8875,0.1827,11.0740
1,1997,4.1721,0.3428,0.0597,0.8280,0.7099,0.6034,0.8392,0.6840,0.8946,0.5742,0.5080,0.5909,1.2285,0.4197,12.4550
2,1997,4.1972,0.5238,0.1701,1.1371,0.6922,0.7649,0.8484,0.6924,0.9009,0.5850,0.5135,0.5920,1.2724,0.6691,13.5590
3,1997,4.1743,0.5476,0.1908,1.1831,0.6408,0.6625,0.8172,0.6858,0.9017,0.5820,0.5128,0.5981,1.2663,0.6980,13.4609
4,1997,4.1805,0.3967,0.0807,1.0190,0.5687,0.8324,0.7992,0.6574,0.8940,0.5783,0.5034,0.5923,1.2409,0.2934,12.6369
5,1997,4.1703,0.1225,0.0486,0.7905,0.5555,0.5467,0.6949,0.6503,0.8914,0.5072,0.4867,0.5902,1.1548,0.0864,11.2959
6,1997,4.0090,0.0248,0.0060,0.5293,0.4302,0.2963,0.5476,0.5463,0.7963,0.3654,0.3695,0.5330,0.7691,0.0389,9.2618
7,1997,3.6294,0.0043,0.0000,0.1950,0.2767,0.1463,0.2615,0.3762,0.6416,0.1713,0.2444,0.4113,0.2087,0.0000,6.5668
8,1997,3.6104,0.0022,0.0000,0.0505,0.1495,0.0297,0.0944,0.1946,0.4487,0.0820,0.1574,0.3360,0.0388,0.0000,5.1943
9,1997,3.5835,0.0053,0.0000,0.0536,0.1679,0.0136,0.0565,0.1402,0.4221,0.0374,0.1330,0.3613,0.0210,0.0000,4.9956
10,1997,3.7695,0.0136,0.0014,0.1940,0.2817,0.0681,0.1786,0.4309,0.6981,0.0374,0.2668,0.5206,0.0450,0.0269,6.5325
11,1997,4.0505,0.0380,0.0325,0.4557,0.4485,0.3429,0.6942,0.6795,0.8404,0.1461,0.4475,0.5871,0.2815,0.0314,9.0759
12,1997,4.1003,0.2568,0.0377,0.6468,0.5296,0.5133,0.8233,0.6912,0.9041,0.5273,0.5034,0.5959,0.9703,0.1776,11.2776
1,1998,4.1338,0.5399,0.0672,0.9003,0.6323,0.6767,0.8382,0.6869,0.9039,0.5768,0.5141,0.6041,1.2585,0.5662,12.8988
2,1998,4.1799,0.7108,0.1352,1.0740,0.6151,0.9075,0.8588,0.6859,0.9040,0.5853,0.5076,0.5995,1.2526,0.8865,13.9029
3,1998,4.1796,0.6026,0.0784,1.0852,0.5563,0.8887,0.8419,0.6861,0.9050,0.5784,0.4943,0.6003,1.2394,0.9677,13.7038
4,1998,4.1760,0.4478,0.0442,0.9541,0.5200,0.9460,0.8368,0.6950,0.9081,0.5791,0.4684,0.6054,1.1640,0.5884,12.9333
5,1998,4.1184,0.2165,0.0431,0.7337,0.4781,0.7876,0.8034,0.6695,0.8979,0.5676,0.3956,0.5747,0.9954,0.2123,11.4937
6,1998,3.9772,0.0304,0.0064,0.4713,0.4317,0.5199,0.7337,0.5474,0.8169,0.4838,0.2059,0.4554,0.5260,0.0557,9.2617
7,1998,3.5128,0.0042,0.0000,0.1772,0.2796,0.1826,0.5037,0.4062,0.6760,0.2313,0.0536,0.3648,0.1145,0.0000,6.5064
8,1998,3.1612,0.0021,0.0000,0.0473,0.1545,0.0455,0.2586,0.2764,0.5084,0.0896,0.0240,0.1824,0.0444,0.0000,4.7943
9,1998,3.1443,0.0050,0.0000,0.0418,0.1482,0.0472,0.2169,0.2247,0.4250,0.0388,0.0144,0.0944,0.0214,0.0000,4.4222
10,1998,3.7476,0.0129,0.0017,0.0913,0.2784,0.1696,0.6505,0.6016,0.7419,0.0469,0.0935,0.3107,0.0236,0.0204,6.7904
11,1998,4.0069,0.0353,0.0337,0.3500,0.3402,0.4724,0.8282,0.6835,0.8735,0.2452,0.3473,0.5574,0.0922,0.0509,8.9166
12,1998,4.1176,0.2168,0.0376,0.5806,0.4216,0.5674,0.8181,0.6870,0.9012,0.5532,0.4802,0.5940,0.5979,0.3757,10.9490
1,1999,4.1641,0.4571,0.0728,0.8772,0.4742,0.7254,0.8434,0.6884,0.9048,0.5799,0.5051,0.6075,1.2081,0.5760,12.6839
2,1999,4.1764,0.6537,0.1487,1.0818,0.4597,0.7948,0.8309,0.6868,0.9077,0.5886,0.5090,0.6063,1.2506,0.8661,13.5611
3,1999,4.1927,0.6826,0.1062,1.0858,0.4552,0.7670,0.8474,0.6912,0.9053,0.5880,0.5132,0.6065,1.2357,0.9763,13.6530
4,1999,4.1970,0.6859,0.0460,0.9352,0.4761,0.8036,0.8387,0.6871,0.9071,0.5899,0.5141,0.6039,1.1662,0.8070,13.2577
5,1999,4.1459,0.3247,0.0425,0.8418,0.3970,0.7376,0.7980,0.6663,0.9026,0.5624,0.4783,0.6026,0.9494,0.2933,11.7423
6,1999,3.9805,0.0510,0.0056,0.5616,0.2936,0.4130,0.7325,0.5203,0.7849,0.4896,0.4064,0.5171,0.4817,0.0745,9.3124
7,1999,3.5253,0.0045,0.0000,0.2355,0.1701,0.1138,0.5637,0.3117,0.6034,0.2447,0.3046,0.4048,0.1288,0.0000,6.6109
8,1999,3.4503,0.0021,0.0000,0.0674,0.1487,0.0638,0.2373,0.0950,0.3783,0.0540,0.1026,0.2318,0.0527,0.0000,4.8841
9,1999,3.4250,0.0050,0.0000,0.0430,0.1772,0.0469,0.0936,0.0723,0.3157,0.0118,0.0713,0.1472,0.0193,0.0000,4.4284
10,1999,3.8634,0.0128,0.0014,0.1050,0.2800,0.1132,0.4580,0.4797,0.6607,0.1047,0.3186,0.4533,0.0314,0.0237,6.9058
11,1999,4.0564,0.0871,0.0330,0.4814,0.3308,0.2177,0.7362,0.6835,0.8892,0.4333,0.4940,0.5818,0.1994,0.0359,9.2595
12,1999,4.1460,0.4342,0.0395,0.7167,0.4156,0.3538,0.7714,0.6869,0.9097,0.5714,0.5125,0.6060,0.7153,0.1399,11.0188
1,2000,4.0956,0.6899,0.0602,0.9332,0.4211,0.4358,0.8197,0.6879,0.9087,0.5860,0.5131,0.6054,1.2331,0.4084,12.3981
2,2000,4.1890,0.5684,0.1262,1.1235,0.4678,0.5106,0.8141,0.6810,0.9102,0.5830,0.5165,0.5961,1.2437,0.9121,13.2423
3,2000,4.1813,0.5647,0.0601,1.1723,0.4626,0.5101,0.8210,0.6938,0.9061,0.5755,0.5117,0.6020,1.1815,1.0723,13.3149
4,2000,4.2069,0.5331,0.0392,0.9647,0.5212,0.5255,0.8255,0.6730,0.9019,0.5843,0.5135,0.6038,1.1763,0.6085,12.6774
5,2000,4.1697,0.2397,0.0417,0.8012,0.4918,0.3717,0.7778,0.6176,0.8868,0.5765,0.5133,0.5883,1.0970,0.1349,11.3080
6,2000,3.8819,0.0498,0.0064,0.4869,0.4299,0.2062,0.6442,0.4621,0.7702,0.4567,0.4388,0.4794,0.7549,0.0428,9.1104
7,2000,3.4185,0.0044,0.0000,0.1650,0.2440,0.0767,0.3234,0.3258,0.5664,0.2781,0.3527,0.4114,0.2608,0.0000,6.4272
8,2000,3.4391,0.0022,0.0000,0.0405,0.1310,0.0114,0.1399,0.1128,0.4189,0.1316,0.1697,0.2463,0.0488,0.0000,4.8922
9,2000,3.3997,0.0044,0.0000,0.0443,0.1249,0.0085,0.0768,0.0553,0.3303,0.0531,0.1517,0.1964,0.0191,0.0000,4.4647
10,2000,3.8139,0.0140,0.0018,0.1010,0.2465,0.0295,0.2673,0.4676,0.6999,0.2207,0.3544,0.4881,0.0271,0.0233,6.7552
11,2000,3.9943,0.0371,0.0316,0.3695,0.3425,0.1114,0.6178,0.6771,0.8915,0.4177,0.4970,0.5975,0.2229,0.0512,8.8592
12,2000,4.1194,0.1169,0.0413,0.6300,0.4608,0.3055,0.7899,0.6875,0.9025,0.5364,0.5053,0.6103,0.9737,0.3347,11.0142
1,2001,4.1531,0.3354,0.0462,0.8898,0.5783,0.3932,0.8050,0.6889,0.9051,0.5704,0.5085,0.6108,1.2498,0.7343,12.4687
2,2001,4.1170,0.3194,0.1068,1.1191,0.5594,0.5117,0.8153,0.6847,0.8983,0.5716,0.5096,0.6109,1.2742,1.2930,13.3909
3,2001,4.1983,0.4343,0.1102,1.0219,0.6578,0.7034,0.8345,0.6841,0.8919,0.5776,0.5143,0.6130,1.2581,1.2903,13.7897
4,2001,4.2098,0.4385,0.0542,0.9647,0.6427,0.6940,0.8427,0.6857,0.8963,0.5793,0.5061,0.6087,1.2129,0.8305,13.1659
5,2001,4.1581,0.1960,0.0404,0.7799,0.5286,0.4430,0.7703,0.6776,0.8787,0.5554,0.5034,0.5947,0.9574,0.3920,11.4753
6,2001,3.9630,0.0259,0.0066,0.4787,0.3940,0.2194,0.6089,0.6239,0.8289,0.4053,0.4603,0.5262,0.5111,0.1004,9.1525
7,2001,3.5021,0.0044,0.0000,0.1636,0.1752,0.0350,0.3048,0.4545,0.5997,0.2191,0.3503,0.4183,0.1173,0.0000,6.3445
8,2001,3.4020,0.0022,0.0000,0.0412,0.0717,0.0155,0.1123,0.2690,0.4316,0.1176,0.2351,0.2919,0.0497,0.0000,5.0398
9,2001,3.3040,0.0043,0.0000,0.0431,0.0504,0.0078,0.0645,0.3174,0.4190,0.0746,0.1429,0.2453,0.0201,0.0000,4.6934
10,2001,3.7136,0.0159,0.0016,0.0866,0.1817,0.0325,0.2048,0.5484,0.7848,0.2720,0.3892,0.4466,0.0234,0.0211,6.7224
11,2001,4.0625,0.0945,0.0340,0.3598,0.3478,0.2342,0.6060,0.6615,0.8889,0.5016,0.4876,0.5775,0.1854,0.0350,9.0762
12,2001,4.0500,0.3135,0.0358,0.6180,0.3876,0.3023,0.6512,0.6786,0.9035,0.5769,0.5012,0.5885,0.7592,0.2187,10.5849
1,2002,4.0828,0.5631,0.0488,0.7803,0.4974,0.4754,0.8414,0.6930,0.9078,0.5818,0.5033,0.5919,1.1947,0.5774,12.3391
2,2002,4.1364,0.7236,0.1655,1.0241,0.5329,0.6197,0.8438,0.6905,0.9068,0.5766,0.5079,0.5948,1.2683,0.9989,13.5899
3,2002,4.1865,0.4914,0.0954,1.1125,0.5775,0.6729,0.8418,0.6910,0.9020,0.5610,0.5022,0.5924,1.2681,1.0803,13.5751
4,2002,4.1816,0.3497,0.0381,0.9762,0.5149,0.5647,0.8291,0.6861,0.8979,0.5547,0.4956,0.5933,1.2048,0.6187,12.5053
5,2002,4.1564,0.1342,0.0384,0.7508,0.4757,0.4862,0.8010,0.6669,0.8411,0.5028,0.4694,0.5980,1.1364,0.1644,11.2215
6,2002,4.0603,0.0293,0.0064,0.4777,0.3249,0.2501,0.7205,0.5308,0.7204,0.3380,0.4164,0.5013,0.8466,0.0385,9.2610
7,2002,3.6749,0.0043,0.0000,0.1582,0.1129,0.0523,0.4307,0.3875,0.5077,0.1932,0.3229,0.4403,0.2100,0.0000,6.4948
8,2002,3.3573,0.0022,0.0000,0.0394,0.0217,0.0231,0.1243,0.1174,0.2257,0.0300,0.1718,0.2936,0.0387,0.0000,4.4452
9,2002,3.2796,0.0042,0.0000,0.0349,0.0330,0.0230,0.1419,0.1198,0.1851,0.0051,0.0682,0.2410,0.0178,0.0000,4.1536
10,2002,3.6910,0.0153,0.0015,0.0568,0.1258,0.1317,0.4514,0.5050,0.4625,0.0752,0.2958,0.4358,0.0166,0.0217,6.2860
11,2002,3.9694,0.0312,0.0335,0.2355,0.2791,0.3679,0.7049,0.6673,0.8815,0.3118,0.4560,0.5672,0.2126,0.0374,8.7553
12,2002,3.9627,0.1018,0.0365,0.5537,0.3310,0.4749,0.8237,0.6833,0.8983,0.5207,0.4784,0.5941,1.0118,0.1963,10.6673
1,2003,4.0223,0.3046,0.0696,0.7540,0.4405,0.7362,0.8462,0.6909,0.9045,0.5665,0.4936,0.5897,1.1937,0.6931,12.3053
2,2003,4.1122,0.4517,0.1840,1.0176,0.3989,0.7465,0.8489,0.6855,0.8984,0.5759,0.5081,0.5953,1.2790,0.9992,13.3013
3,2003,4.1501,0.4702,0.2107,1.0827,0.4578,0.7895,0.8402,0.6750,0.9066,0.5867,0.5032,0.5995,1.2690,1.0064,13.5475
4,2003,4.1634,0.3205,0.0717,0.9651,0.4292,0.7072,0.8394,0.6798,0.8984,0.5677,0.4867,0.5990,1.2251,0.5706,12.5239
5,2003,4.0963,0.0787,0.0447,0.7073,0.4350,0.5972,0.7868,0.6383,0.8654,0.4851,0.4585,0.5861,1.0318,0.1299,10.9411
6,2003,4.0264,0.0317,0.0055,0.3697,0.3295,0.3974,0.7006,0.5049,0.7694,0.3296,0.4218,0.5255,0.7082,0.0410,9.1611
7,2003,3.4935,0.0041,0.0000,0.0986,0.1664,0.1732,0.5376,0.2814,0.4946,0.1290,0.2538,0.4152,0.1613,0.0000,6.2087
8,2003,3.2704,0.0022,0.0000,0.0333,0.0424,0.0614,0.3593,0.1391,0.1514,0.0301,0.1571,0.3408,0.0363,0.0000,4.6238
9,2003,3.1535,0.0038,0.0000,0.0339,0.0363,0.0605,0.2833,0.1223,0.0579,0.0039,0.1056,0.2927,0.0202,0.0000,4.1740
10,2003,3.7289,0.0121,0.0017,0.0526,0.2130,0.1353,0.3826,0.4110,0.3904,0.0589,0.2394,0.4163,0.0198,0.0210,6.0830
11,2003,4.0079,0.0303,0.0338,0.2849,0.2954,0.3081,0.6937,0.6841,0.8542,0.2407,0.4500,0.5594,0.1043,0.0363,8.5832
12,2003,4.1324,0.1783,0.0391,0.5670,0.4353,0.5027,0.7868,0.6814,0.8918,0.5469,0.4925,0.5974,0.7606,0.2140,10.8263
1,2004,4.1770,0.2874,0.0639,0.7508,0.4784,0.6747,0.8495,0.6964,0.8879,0.5354,0.4997,0.6065,1.2364,0.5802,12.3240
2,2004,4.1777,0.4721,0.1172,0.8718,0.5303,0.6952,0.8413,0.6946,0.8931,0.5697,0.5056,0.6059,1.2602,0.7963,13.0309
3,2004,4.1695,0.4985,0.1302,0.9794,0.5202,0.6503,0.8422,0.6922,0.8965,0.5745,0.5033,0.6040,1.2463,0.7820,13.0890
4,2004,4.1438,0.3772,0.0557,0.8947,0.4210,0.6224,0.8471,0.6976,0.9054,0.5765,0.5062,0.6037,1.1575,0.4143,12.2230
5,2004,4.1155,0.1054,0.0371,0.6851,0.3848,0.4408,0.7739,0.6927,0.8966,0.5203,0.4934,0.6059,1.0966,0.1229,10.9710
6,2004,3.9920,0.0310,0.0065,0.4703,0.3092,0.2710,0.6174,0.6220,0.8007,0.3744,0.3506,0.5364,0.8780,0.0501,9.3096
7,2004,3.5401,0.0040,0.0000,0.1906,0.1604,0.0960,0.2710,0.5225,0.5949,0.1739,0.2495,0.4271,0.3278,0.0000,6.5578
8,2004,3.3757,0.0022,0.0000,0.0493,0.0595,0.0189,0.1248,0.3548,0.2427,0.0148,0.1243,0.3631,0.0593,0.0000,4.7893
9,2004,3.4087,0.0040,0.0000,0.0349,0.0561,0.0115,0.0897,0.2950,0.1402,0.0027,0.0916,0.3540,0.0200,0.0000,4.5085
10,2004,3.8213,0.0163,0.0010,0.0560,0.1696,0.0619,0.3309,0.5855,0.5471,0.0260,0.2799,0.5074,0.0296,0.0197,6.4521
11,2004,4.1260,0.0354,0.0346,0.3747,0.2932,0.2548,0.6804,0.6771,0.8577,0.2558,0.4865,0.5858,0.2619,0.0337,8.9574
12,2004,4.1642,0.1737,0.0413,0.6726,0.3746,0.3165,0.7674,0.6779,0.9017,0.5310,0.5106,0.6083,1.0807,0.2100,11.0305
1,2005,4.1725,0.2700,0.0743,0.9374,0.3948,0.3420,0.7947,0.6830,0.9097,0.5650,0.4992,0.6073,1.2641,0.5029,12.0169
2,2005,4.1298,0.4526,0.1525,1.0170,0.4550,0.3416,0.7500,0.6660,0.9117,0.5855,0.5110,0.6127,1.2392,0.6521,12.4767
3,2005,4.1941,0.4603,0.1408,0.8709,0.5145,0.5833,0.8427,0.6829,0.9050,0.5762,0.5113,0.6105,1.2361,0.6791,12.8077
4,2005,4.1766,0.4761,0.0569,0.8216,0.4821,0.6193,0.8433,0.6729,0.8971,0.5829,0.5111,0.6036,1.1026,0.4382,12.2842
5,2005,4.1119,0.1572,0.0385,0.6949,0.4403,0.4547,0.7547,0.6308,0.8616,0.5259,0.4673,0.5912,1.0409,0.1795,10.9495
6,2005,4.0677,0.0300,0.0060,0.4546,0.3751,0.2035,0.5795,0.4857,0.7615,0.3705,0.3484,0.4976,0.6222,0.0639,8.8662
7,2005,3.5886,0.0041,0.0000,0.1663,0.1981,0.0471,0.2336,0.2766,0.4808,0.1907,0.2626,0.4006,0.1106,0.0000,5.9596
8,2005,3.3887,0.0021,0.0000,0.0339,0.1274,0.0106,0.0607,0.0798,0.1209,0.0391,0.1792,0.2806,0.0236,0.0000,4.3466
9,2005,3.4038,0.0054,0.0000,0.0297,0.1754,0.0087,0.0283,0.0216,0.0600,0.0168,0.1806,0.2628,0.0168,0.0000,4.2099
10,2005,3.7988,0.0121,0.0013,0.0943,0.3155,0.0716,0.1794,0.3442,0.2220,0.0384,0.2779,0.4815,0.0177,0.0230,5.8777
11,2005,4.1458,0.0713,0.0367,0.3514,0.3865,0.2168,0.5773,0.6684,0.8208,0.2696,0.5020,0.5762,0.1490,0.0322,8.8039
12,2005,4.1332,0.3289,0.0401,0.5428,0.3987,0.2390,0.6729,0.6789,0.8967,0.5630,0.5119,0.6009,0.8568,0.0963,10.5601
1,2006,3.9919,0.6019,0.0421,0.8303,0.4020,0.2244,0.7484,0.6871,0.9071,0.5900,0.5150,0.6126,1.2269,0.3403,11.7198
2,2006,4.0873,0.5814,0.0744,0.9602,0.4420,0.3694,0.7948,0.6798,0.8939,0.5773,0.5006,0.6095,1.2557,0.5895,12.4159
3,2006,4.1748,0.5057,0.0767,0.8599,0.4892,0.4946,0.8151,0.6849,0.8920,0.5768,0.5067,0.6076,1.2269,0.6167,12.5277
4,2006,4.1167,0.5123,0.0435,0.8339,0.4687,0.3796,0.8423,0.6999,0.9071,0.5910,0.5119,0.6024,1.1735,0.4394,12.1221
5,2006,3.9859,0.2886,0.0405,0.6572,0.4057,0.1431,0.7357,0.6707,0.8658,0.5592,0.4985,0.5828,1.0043,0.1543,10.5922
6,2006,3.8974,0.0447,0.0065,0.3979,0.3589,0.0774,0.5534,0.5202,0.7275,0.4528,0.4606,0.5083,0.5184,0.0522,8.5762
7,2006,3.4506,0.0046,0.0001,0.1044,0.1990,0.0273,0.1950,0.2831,0.5363,0.2376,0.3452,0.3888,0.0747,0.0141,5.8609
8,2006,3.3030,0.0022,0.0000,0.0220,0.1085,0.0126,0.0683,0.0717,0.2680,0.1084,0.1892,0.2161,0.0157,0.0004,4.3861
9,2006,3.3005,0.0021,0.0000,0.0198,0.1252,0.0066,0.0835,0.0834,0.1050,0.0547,0.1127,0.1698,0.0052,0.0000,4.0684
10,2006,3.7169,0.0044,0.0000,0.0408,0.2732,0.0843,0.3142,0.3612,0.3921,0.0630,0.1490,0.2820,0.0079,0.0087,5.6977
11,2006,3.9303,0.0165,0.0171,0.1907,0.3544,0.1138,0.6596,0.6763,0.8150,0.1797,0.4617,0.5323,0.0459,0.0179,8.0113
12,2006,4.0512,0.1303,0.0259,0.5577,0.3944,0.1538,0.7493,0.6791,0.8845,0.4318,0.4890,0.5956,0.7138,0.1616,10.0182
1,2007,4.1195,0.4638,0.0343,0.7890,0.4450,0.2406,0.7773,0.6901,0.9099,0.5869,0.5081,0.5990,1.1771,0.4993,11.8400
2,2007,4.1336,0.3927,0.0893,0.8807,0.4786,0.4324,0.8392,0.6971,0.9038,0.5518,0.5053,0.5976,1.2315,0.8489,12.5824
3,2007,4.1303,0.5656,0.0910,0.9599,0.4613,0.3674,0.7959,0.6751,0.8973,0.5691,0.5050,0.6001,1.2095,0.6777,12.5054
4,2007,4.1474,0.4327,0.0333,0.9696,0.4921,0.3168,0.7381,0.6110,0.8998,0.5623,0.4894,0.5979,1.1242,0.3953,11.8100
5,2007,4.1389,0.1693,0.0269,0.8025,0.4604,0.2574,0.7475,0.5683,0.8747,0.5379,0.4799,0.5930,1.0156,0.1278,10.8001
6,2007,3.8107,0.0110,0.0244,0.4539,0.3715,0.1444,0.5765,0.4361,0.6709,0.3136,0.3386,0.4926,0.6724,0.0312,8.3480
7,2007,3.3481,0.0041,0.0010,0.1163,0.2100,0.0433,0.2388,0.2393,0.2657,0.0960,0.1612,0.3866,0.1229,0.0122,5.2456
8,2007,2.6156,0.0022,0.0000,0.0195,0.1567,0.0187,0.0800,0.1299,0.0064,0.0031,0.0762,0.1515,0.0310,0.0005,3.2913
9,2007,2.3698,0.0020,0.0000,0.0179,0.1937,0.0049,0.0257,0.1009,0.0021,0.0003,0.0336,0.1344,0.0043,0.0000,2.8895
10,2007,2.9205,0.0044,0.0000,0.0570,0.3074,0.0177,0.0757,0.2855,0.0611,0.0045,0.1730,0.3398,0.0104,0.0087,4.2658
11,2007,3.9300,0.0119,0.0160,0.3521,0.3896,0.0682,0.5149,0.6715,0.6575,0.1158,0.3903,0.5818,0.1794,0.0158,7.8949
12,2007,3.9830,0.0970,0.0235,0.6662,0.4553,0.1725,0.6851,0.6922,0.7885,0.3700,0.4654,0.6011,0.9659,0.1126,10.0783
1,2008,4.0977,0.4199,0.0532,1.0279,0.4864,0.2393,0.6918,0.6828,0.9025,0.5754,0.5034,0.6021,1.2271,0.4122,11.9218
2,2008,4.1442,0.6269,0.1397,1.2242,0.5019,0.2916,0.7452,0.6929,0.9054,0.5808,0.5052,0.5961,1.2238,0.7949,12.9726
3,2008,4.1674,0.7643,0.1630,1.2771,0.4983,0.4154,0.8259,0.6904,0.9005,0.5848,0.5142,0.5979,1.2493,0.6904,13.3389
4,2008,4.1581,0.6496,0.0564,1.0383,0.5240,0.4088,0.7798,0.6864,0.8997,0.5718,0.4945,0.6018,1.1872,0.4177,12.4741
5,2008,4.0571,0.2572,0.0280,0.7126,0.4876,0.3249,0.7394,0.6549,0.8773,0.5146,0.4200,0.5981,1.0292,0.1404,10.8416
6,2008,3.8245,0.0112,0.0280,0.3983,0.3402,0.1936,0.5579,0.5907,0.8100,0.4281,0.2410,0.4998,0.6998,0.0337,8.6569
7,2008,3.3698,0.0042,0.0023,0.1312,0.1949,0.0749,0.2797,0.4785,0.5680,0.1699,0.0446,0.4245,0.2062,0.0132,5.9619
8,2008,2.7884,0.0022,0.0000,0.0152,0.0978,0.0261,0.0828,0.2384,0.1632,0.0248,0.0030,0.1950,0.0360,0.0007,3.6737
9,2008,2.6122,0.0020,0.0000,0.0184,0.0691,0.0144,0.0291,0.1149,0.0056,0.0001,0.0119,0.1510,0.0068,0.0000,3.0355
10,2008,3.5121,0.0049,0.0000,0.0659,0.2044,0.0491,0.1250,0.3870,0.3156,0.0310,0.1655,0.3517,0.0123,0.0092,5.2337
11,2008,4.0344,0.0408,0.0194,0.3877,0.3299,0.1902,0.4885,0.6587,0.8669,0.2926,0.4738,0.5676,0.1736,0.0165,8.5405
12,2008,4.1008,0.2078,0.0319,0.6845,0.3882,0.2742,0.6666,0.6878,0.8898,0.5320,0.4986,0.5879,0.9059,0.0902,10.5461
1,2009,4.1495,0.5540,0.0820,0.8709,0.4626,0.3903,0.7281,0.6692,0.8997,0.5820,0.4987,0.5913,1.2203,0.3247,12.0232
2,2009,4.1232,0.6776,0.1875,1.0778,0.4845,0.4295,0.8139,0.6927,0.9074,0.5851,0.4998,0.6040,1.2562,0.6227,12.9619
3,2009,4.1899,0.6221,0.1586,1.2224,0.5066,0.4955,0.8230,0.6965,0.9021,0.5795,0.5017,0.5969,1.2551,0.6505,13.2005
4,2009,4.1847,0.6857,0.0436,1.0745,0.5059,0.5355,0.7999,0.6632,0.8848,0.5804,0.5010,0.5977,1.2180,0.3635,12.6384
5,2009,4.0475,0.2431,0.0257,0.7879,0.3743,0.4032,0.7654,0.6558,0.8754,0.5160,0.4839,0.5799,1.0674,0.1667,10.9922
6,2009,4.0772,0.0221,0.0279,0.4212,0.2854,0.1409,0.6387,0.4914,0.7714,0.3577,0.3636,0.5191,0.8747,0.0394,9.0306
7,2009,3.6139,0.0042,0.0006,0.1144,0.1728,0.0475,0.2387,0.2304,0.5010,0.1319,0.2120,0.3921,0.2466,0.0122,5.9183
8,2009,3.1043,0.0022,0.0000,0.0168,0.1292,0.0275,0.0643,0.0599,0.1469,0.0086,0.1143,0.2717,0.0286,0.0003,3.9745
9,2009,2.9341,0.0021,0.0000,0.0187,0.1367,0.0123,0.0291,0.0432,0.0437,0.0002,0.1047,0.2028,0.0061,0.0000,3.5337
10,2009,3.2152,0.0068,0.0000,0.0603,0.2569,0.0244,0.0488,0.2096,0.3793,0.0153,0.2209,0.4360,0.0219,0.0123,4.9077
11,2009,3.7894,0.0583,0.0205,0.3755,0.3425,0.0482,0.3721,0.6537,0.8229,0.2352,0.4624,0.5745,0.1548,0.0269,7.9369
12,2009,3.9759,0.2590,0.0399,0.5908,0.3621,0.1988,0.7383,0.6810,0.8910,0.5337,0.4804,0.5828,0.7282,0.1460,10.2080
1,2010,4.0856,0.4379,0.0394,0.7263,0.4484,0.3961,0.7376,0.6704,0.8877,0.5625,0.5017,0.5876,1.1828,0.3978,11.6619
2,2010,4.1422,0.6262,0.0555,0.8225,0.4845,0.4657,0.7984,0.6883,0.8964,0.5751,0.5077,0.5979,1.2379,0.6706,12.5689
3,2010,4.1852,0.7480,0.0371,0.9323,0.5208,0.6247,0.8201,0.6909,0.9016,0.5786,0.5102,0.5987,1.2041,0.8403,13.1927
4,2010,4.1649,0.6351,0.0389,0.8949,0.4766,0.5975,0.7993,0.6834,0.9086,0.5877,0.5034,0.5919,1.0908,0.6532,12.6262
5,2010,4.0673,0.2817,0.0366,0.6742,0.4108,0.2447,0.7026,0.6260,0.8713,0.5428,0.4661,0.5828,0.9745,0.2228,10.7043
6,2010,3.8173,0.0231,0.0313,0.4074,0.3176,0.1020,0.5106,0.4655,0.7701,0.3988,0.3109,0.5100,0.5398,0.0547,8.2593
7,2010,3.2597,0.0045,0.0012,0.1279,0.1869,0.0341,0.1926,0.2650,0.5583,0.1946,0.1560,0.3876,0.0938,0.0133,5.4756
8,2010,2.9339,0.0023,0.0000,0.0259,0.0865,0.0171,0.0391,0.1274,0.2569,0.0306,0.0662,0.1831,0.0278,0.0008,3.7974
9,2010,2.6493,0.0022,0.0000,0.0311,0.1064,0.0090,0.0306,0.0592,0.0871,0.0019,0.0233,0.1399,0.0088,0.0000,3.1488
10,2010,3.5319,0.0066,0.0000,0.0596,0.1957,0.0218,0.1140,0.2658,0.3221,0.0237,0.1719,0.3316,0.0158,0.0113,5.0717
11,2010,4.0743,0.0165,0.0195,0.2069,0.3309,0.1371,0.5183,0.6530,0.8015,0.2238,0.3764,0.5307,0.0394,0.0240,7.9523
12,2010,4.1715,0.0985,0.0449,0.4083,0.4183,0.3608,0.7561,0.6777,0.8828,0.4666,0.4985,0.5858,0.4514,0.0994,9.9205
1,2011,4.1691,0.3761,0.0404,0.5415,0.4562,0.4852,0.8124,0.6819,0.9013,0.5626,0.4981,0.5800,0.9106,0.3113,11.3267
2,2011,4.1640,0.5125,0.0506,0.7251,0.4409,0.5871,0.8240,0.6868,0.9015,0.5618,0.5003,0.5924,1.2046,0.5937,12.3453
3,2011,4.1576,0.4596,0.0586,0.8966,0.4774,0.4666,0.7685,0.6698,0.8966,0.5772,0.5095,0.5982,1.2222,0.7227,12.4810
4,2011,4.1705,0.4562,0.0377,0.9136,0.4941,0.4782,0.7573,0.6562,0.8864,0.5765,0.5103,0.5993,1.2009,0.5364,12.2736
5,2011,4.0745,0.1653,0.0335,0.7112,0.4201,0.3257,0.6211,0.6120,0.8773,0.5265,0.4648,0.5904,1.0194,0.1647,10.6065
6,2011,3.9795,0.0173,0.0284,0.4522,0.4032,0.1573,0.3858,0.4417,0.8294,0.3474,0.3619,0.4861,0.6531,0.0343,8.5776
7,2011,3.4228,0.0051,0.0025,0.1071,0.2918,0.0570,0.1289,0.1597,0.4927,0.1196,0.1614,0.3608,0.1461,0.0113,5.4668
8,2011,2.6512,0.0024,0.0000,0.0206,0.1616,0.0233,0.0510,0.0289,0.1809,0.0115,0.0543,0.1361,0.0370,0.0009,3.3599
9,2011,2.6138,0.0022,0.0000,0.0208,0.1456,0.0074,0.0298,0.0085,0.0612,0.0023,0.0240,0.0887,0.0107,0.0000,3.0151
10,2011,3.3596,0.0059,0.0000,0.0893,0.2326,0.0232,0.0554,0.1074,0.2298,0.0082,0.1071,0.2796,0.0176,0.0115,4.5271
11,2011,3.9728,0.0368,0.0202,0.3575,0.3116,0.0801,0.4076,0.6271,0.7828,0.1621,0.4582,0.5578,0.0883,0.0277,7.8906
12,2011,4.1184,0.2255,0.0360,0.6377,0.3903,0.1598,0.4798,0.6714,0.9049,0.5349,0.5120,0.5940,0.6795,0.1827,10.1269
1,2012,4.0882,0.5887,0.0444,0.9209,0.3956,0.2136,0.6683,0.6792,0.9019,0.5880,0.5118,0.6061,1.2142,0.4715,11.8924
2,2012,4.0380,0.7363,0.0924,1.0485,0.4533,0.2329,0.5349,0.6698,0.9054,0.5858,0.5116,0.6004,1.2319,0.7436,12.3846
3,2012,4.0650,0.8503,0.0691,1.2307,0.4663,0.3060,0.7080,0.6822,0.9027,0.5841,0.5147,0.5998,1.2325,0.9509,13.1622
4,2012,4.1688,0.8256,0.0413,1.0495,0.5004,0.3704,0.7199,0.6727,0.9021,0.5865,0.5115,0.6051,1.1978,0.6683,12.8200
5,2012,4.1045,0.4312,0.0354,0.8047,0.5125,0.1832,0.6495,0.6229,0.8511,0.5600,0.4449,0.5976,1.0722,0.2166,11.0861
6,2012,3.8672,0.0853,0.0348,0.4245,0.4325,0.0639,0.3146,0.4287,0.7291,0.4208,0.2783,0.4979,0.7121,0.0566,8.3461
7,2012,3.2493,0.0065,0.0038,0.0883,0.2390,0.0242,0.0872,0.2008,0.4710,0.2255,0.1015,0.3793,0.1493,0.0140,5.2399
8,2012,2.4230,0.0025,0.0000,0.0244,0.1263,0.0176,0.0348,0.0375,0.1116,0.0466,0.0083,0.1402,0.0400,0.0021,3.0150
9,2012,1.9634,0.0023,0.0000,0.0217,0.1193,0.0078,0.0294,0.0086,0.0047,0.0031,0.0018,0.0772,0.0109,0.0000,2.2501
10,2012,3.0097,0.0070,0.0000,0.0369,0.2506,0.0192,0.0380,0.1267,0.1722,0.0239,0.0065,0.2285,0.0135,0.0124,3.9452
11,2012,3.8067,0.0511,0.0192,0.1891,0.3435,0.0277,0.2039,0.6056,0.8101,0.3432,0.3316,0.5456,0.1008,0.0240,7.4021
12,2012,4.0353,0.2480,0.0370,0.5408,0.3844,0.1264,0.4335,0.6696,0.8541,0.5426,0.5125,0.5993,0.8025,0.0832,9.8691
1,2013,3.9925,0.4620,0.0458,0.7999,0.4221,0.2047,0.7017,0.6873,0.8770,0.5532,0.5138,0.6055,1.2230,0.4469,11.5352
2,2013,4.1331,0.6731,0.0884,1.0059,0.4759,0.3492,0.8017,0.6964,0.8978,0.5815,0.5190,0.6074,1.2691,0.6988,12.7972
3,2013,4.1732,0.7365,0.0686,0.9828,0.4914,0.5531,0.8401,0.6882,0.8960,0.5692,0.5054,0.6041,1.2596,0.8302,13.1982
4,2013,4.1667,0.6348,0.0413,0.8761,0.5399,0.5371,0.8093,0.6626,0.8954,0.5823,0.5158,0.6004,1.2468,0.5083,12.6168
5,2013,4.1178,0.3128,0.0350,0.7895,0.4687,0.2559,0.7171,0.5887,0.8650,0.5506,0.5034,0.6034,1.1286,0.2372,11.1736
6,2013,3.8658,0.0601,0.0347,0.5630,0.3607,0.1051,0.6271,0.4831,0.7933,0.4514,0.4588,0.5292,0.8472,0.0941,9.2737
7,2013,3.4751,0.0068,0.0061,0.1484,0.1466,0.0220,0.3028,0.2676,0.6167,0.1861,0.3104,0.4168,0.2032,0.0259,6.1345
8,2013,3.0556,0.0025,0.0000,0.0334,0.0738,0.0173,0.1044,0.1130,0.3037,0.0347,0.1256,0.2938,0.0457,0.0019,4.2053
9,2013,2.8047,0.0023,0.0000,0.0328,0.0615,0.0090,0.0545,0.0161,0.2029,0.0078,0.1391,0.2248,0.0132,0.0000,3.5686
10,2013,3.3113,0.0069,0.0000,0.0532,0.1441,0.0191,0.1432,0.2299,0.5524,0.0589,0.1590,0.3524,0.0157,0.0098,5.0559
11,2013,3.9259,0.0170,0.0178,0.2557,0.3272,0.0380,0.4833,0.6358,0.8689,0.2445,0.3853,0.5432,0.1309,0.0247,7.8984
12,2013,4.1075,0.0774,0.0375,0.6061,0.4246,0.1868,0.7033,0.6796,0.8856,0.4520,0.4846,0.5960,0.8691,0.0545,10.1648
1,2014,4.1187,0.2994,0.0738,0.8780,0.3933,0.3261,0.8288,0.6909,0.9022,0.5561,0.4968,0.6061,1.2302,0.2715,11.6718
2,2014,4.0292,0.3683,0.1793,1.0291,0.3902,0.3272,0.8228,0.6844,0.8950,0.5162,0.5026,0.6049,1.2545,0.6322,12.2359
3,2014,4.0967,0.4949,0.2090,1.2054,0.4519,0.3124,0.7733,0.6766,0.9051,0.5539,0.5033,0.5987,1.2803,0.6810,12.7425
4,2014,4.1850,0.4175,0.1128,1.1207,0.4681,0.3946,0.8012,0.6441,0.8913,0.5709,0.5087,0.6033,1.2538,0.3970,12.3690
5,2014,4.1916,0.1478,0.0389,0.8788,0.4596,0.3214,0.7819,0.6240,0.8513,0.5007,0.4604,0.5901,1.1721,0.1067,11.1252
6,2014,4.0114,0.0391,0.0305,0.4531,0.3431,0.1287,0.6560,0.4136,0.7927,0.4027,0.4089,0.5405,0.7925,0.0307,9.0434
7,2014,3.7038,0.0081,0.0054,0.0876,0.1701,0.0584,0.3452,0.1746,0.6300,0.2040,0.1927,0.4470,0.1893,0.0151,6.2310
8,2014,3.2773,0.0024,0.0000,0.0219,0.0917,0.0589,0.1009,0.0184,0.2806,0.0538,0.1293,0.3287,0.0429,0.0017,4.4085
9,2014,2.8620,0.0022,0.0000,0.0174,0.0833,0.0562,0.0404,0.0072,0.0957,0.0031,0.0903,0.2508,0.0100,0.0000,3.5188
10,2014,3.4746,0.0063,0.0000,0.0459,0.2015,0.0942,0.1840,0.0824,0.2271,0.0346,0.1491,0.4239,0.0174,0.0109,4.9519
11,2014,3.9936,0.0170,0.0193,0.2203,0.2982,0.2426,0.6204,0.6344,0.6703,0.1653,0.3796,0.5527,0.1535,0.0249,7.9920
12,2014,4.0670,0.0784,0.0373,0.5771,0.3500,0.3105,0.7461,0.6832,0.8771,0.4075,0.4969,0.5978,0.9139,0.1098,10.2526
1,2015,4.1454,0.1725,0.0548,0.9096,0.3966,0.4160,0.8373,0.6871,0.8988,0.5313,0.4908,0.5940,1.2103,0.3508,11.6953
2,2015,4.1329,0.3479,0.1582,1.1241,0.4264,0.5308,0.8359,0.6669,0.9011,0.5626,0.5019,0.5922,1.2790,0.4965,12.5564
3,2015,4.1574,0.3714,0.1908,1.2327,0.4506,0.3748,0.7925,0.6762,0.9100,0.5591,0.5037,0.5914,1.2495,0.5184,12.5784
4,2015,4.1645,0.4055,0.0808,1.1633,0.4535,0.3090,0.7680,0.6789,0.9104,0.5728,0.5056,0.5937,1.2016,0.4514,12.2589
5,2015,4.1610,0.1198,0.0290,0.8628,0.4591,0.2732,0.7149,0.6699,0.8957,0.5050,0.4205,0.5815,1.0505,0.1693,10.9121
6,2015,3.9563,0.0141,0.0071,0.5877,0.3954,0.1588,0.4362,0.5544,0.7922,0.3247,0.3229,0.4908,0.7845,0.0603,8.8855
7,2015,3.3913,0.0076,0.0025,0.2575,0.2457,0.0648,0.1618,0.3296,0.4431,0.0971,0.2170,0.3966,0.3153,0.0141,5.9443
8,2015,3.3913,0.0076,0.0025,0.2575,0.2457,0.0648,0.1618,0.3296,0.4431,0.0971,0.2170,0.3966,0.3153,0.0141,5.6101
9,2015,3.3913,0.0076,0.0025,0.2575,0.2457,0.0648,0.1618,0.3296,0.4431,0.0971,0.2170,0.3966,0.3153,0.0141,4.4101
10,2015,3.3913,0.0076,0.0025,0.2575,0.2457,0.0648,0.1618,0.3296,0.4431,0.0971,0.2170,0.3966,0.3153,0.0141,7.72
11,2015,3.3913,0.0076,0.0025,0.2575,0.2457,0.0648,0.1618,0.3296,0.4431,0.0971,0.2170,0.3966,0.3153,0.0141,10.06
12,2015,3.3913,0.0076,0.0025,0.2575,0.2457,0.0648,0.1618,0.3296,0.4431,0.0971,0.2170,0.3966,0.3153,0.0141,11.747




